source_index,annotator,test_row_id,referent,EN_source_sentence,EN_masculine_sentence,EN_feminine_sentence,rating,decision,judge_decision,eval_strategy_label
1,annotator_1,0.0,colleague,"I haven' t called a colleague today, but the one whom I love.","I haven' t called a male colleague today, but the one whom I love.","I haven' t called a female colleague today, but the one whom I love.",good,accept,accept,adjective
2,annotator_1,1.0,enthusiast,I’m an IT Professional by day and an Electric Universe/Thunderbolts Project enthusiast the rest of the time.,He's an IT Professional by day and an Electric Universe/Thunderbolts Project enthusiast the rest of the time.,She's an IT Professional by day and an Electric Universe/Thunderbolts Project enthusiast the rest of the time.,good,accept,accept,pronoun_swap
3,annotator_1,2.0,author,The author follows 8 Milwaukee families through their daily struggle to find and keep a shelter.,"The author, Mr. Chen, follows 8 Milwaukee families through their daily struggle to find and keep a shelter.","The author, Mrs. Chen, follows 8 Milwaukee families through their daily struggle to find and keep a shelter.",good,accept,accept,title_insertion
4,annotator_1,,publisher,And the publisher’s bankers promoted a layoff plan as part of the sales process.,And the publisher's bankers promoted a layoff plan as part of his sales process.,And the publisher's bankers promoted a layoff plan as part of her sales process.,bad,reject,accept,pronoun_insertion
5,annotator_1,3.0,idiot,"And take care of the shadow and you' il have to calculate the human mind, idiot!","And take care of the shadow and you' il have to calculate the human mind, idiot, sir!","And take care of the shadow and you' il have to calculate the human mind, idiot, ma'am!",good,accept,reject,sir_maam
6,annotator_1,4.0,governor,A whopping 56 percent think the governor doesn't deserve re-election.,"A whopping 56 percent think the governor, Mr. Garcia, doesn't deserve re-election.","A whopping 56 percent think the governor, Mrs. Garcia, doesn't deserve re-election.",good,accept,accept,title_insertion
7,annotator_1,5.0,enthusiast,"Of course, I was the photo enthusiast here, my phone was out in minutes, taking several ‘one for the gram’ shots, much to the amusement of the others who were ready to just take this mountain down but joined in the fun anyway.","Of course, he was the photo enthusiast here, his phone was out in minutes, taking several 'one for the gram' shots, much to the amusement of the others who were ready to just take this mountain down but joined in the fun anyway.","Of course, she was the photo enthusiast here, her phone was out in minutes, taking several 'one for the gram' shots, much to the amusement of the others who were ready to just take this mountain down but joined in the fun anyway.",good,accept,accept,pronoun_swap
8,annotator_1,6.0,economist,Tenoch was the second of three sons of a Harvard economist......,"Tenoch was the second of three sons of a Harvard economist, Mr. Patel......","Tenoch was the second of three sons of a Harvard economist, Mrs. Patel......",good,accept,accept,title_insertion
9,annotator_1,,writer,A writer' s got a right to be nosy.,A writer' s got a right to be nosy — he knows that.,A writer' s got a right to be nosy — she knows that.,bad,reject,accept,pronoun_insertion
10,annotator_1,7.0,driver,Two people from Lakeside were charged with attempted murder in a June 2 incident in which a driver allegedly tried to run a couple down in El Cajon before crashing into a tree.,Two people from Lakeside were charged with attempted murder in a June 2 incident in which a male driver allegedly tried to run a couple down in El Cajon before crashing into a tree.,Two people from Lakeside were charged with attempted murder in a June 2 incident in which a female driver allegedly tried to run a couple down in El Cajon before crashing into a tree.,good,accept,accept,adjective
11,annotator_1,8.0,influencer,"From concept to implementation, a podcast can be a catalyst for promoting business and allowing you to become a top influencer in your industry or niche.","From concept to implementation, a podcast can be a catalyst for promoting business and allowing you to become a top influencer in your industry or niche, sir.","From concept to implementation, a podcast can be a catalyst for promoting business and allowing you to become a top influencer in your industry or niche, ma'am.",good,accept,accept,sir_maam
12,annotator_1,9.0,vegetarian,"It' s enough to make you a vegetarian, isn' t it?","It' s enough to make you a vegetarian, isn' t it, sir?","It' s enough to make you a vegetarian, isn' t it, ma' am?",good,accept,accept,sir_maam
13,annotator_1,10.0,wayfarer,"I've been spending some time playing a little nub wayfarer, and it's been a really enjoyable class so far.","I've been spending some time playing a little nub male wayfarer, and it's been a really enjoyable class so far.","I've been spending some time playing a little nub female wayfarer, and it's been a really enjoyable class so far.",good,accept,accept,adjective
14,annotator_1,11.0,chief,The chief always likes to relate everything back to God and the will of God.,"The chief always likes to relate everything back to God and the will of God, and he is unwavering in this.","The chief always likes to relate everything back to God and the will of God, and she is unwavering in this.",good,accept,accept,pronoun_insertion
15,annotator_1,12.0,therapist,"And I' m workin 'with a new therapist, you know, terrific, absolutely terrific.","And I' m workin 'with a new therapist, Mr. Chen, you know, terrific, absolutely terrific.","And I' m workin 'with a new therapist, Mrs. Chen, you know, terrific, absolutely terrific.",good,accept,accept,title_insertion
16,annotator_1,13.0,idiot,It’ s that you take me for an idiot.,It' s that you take him for an idiot.,It' s that you take her for an idiot.,good,accept,accept,pronoun_swap
17,annotator_1,14.0,therapist,Your Oral health therapist will give you tips and detailed instructions on how to look after your oral hygiene at home.,Your Oral health therapist will give you his tips and detailed instructions on how to look after your oral hygiene at home.,Your Oral health therapist will give you her tips and detailed instructions on how to look after your oral hygiene at home.,good,accept,accept,pronoun_insertion
18,annotator_1,15.0,opponent,"The feeling was fleeting, and when I noticed my opponent wasn’t picking up on it, I simply continued along with our training drills unimpeded.","The feeling was fleeting, and when I noticed my opponent, my father, wasn't picking up on it, I simply continued along with our training drills unimpeded.","The feeling was fleeting, and when I noticed my opponent, my mother, wasn't picking up on it, I simply continued along with our training drills unimpeded.",good,accept,accept,relational_insertion
19,annotator_1,16.0,gardener,She grew roses and tended them carefully (with the help of a once a week gardener).,"She grew roses and tended them carefully (with the help of a once a week gardener, Mr. Kim).","She grew roses and tended them carefully (with the help of a once a week gardener, Mrs. Kim).",good,accept,accept,title_insertion
20,annotator_1,,chief,"Popular legend lays blame for the town’s string of early disasters on Fernie, who, the story goes, promised to marry the daughter of a Ktunaxa chief in 1897 if he would reveal the source of the region’s coal.","Popular legend lays blame for the town's string of early disasters on Fernie, who, the story goes, promised to marry the daughter of a Ktunaxa chief in 1897 if he would reveal the source of the region's coal.","Popular legend lays blame for the town's string of early disasters on Fernie, who, the story goes, promised to marry the daughter of a Ktunaxa chief in 1897 if she would reveal the source of the region's coal.",bad,reject,accept,pronoun_swap
21,annotator_1,17.0,librarian,Did you see the little door the librarian closed as we came in?,"Did you see the little door the librarian, Mr. Thompson, closed as we came in?","Did you see the little door the librarian, Mrs. Thompson, closed as we came in?",good,accept,accept,title_insertion
22,annotator_1,18.0,opponent,"If you' re out of breath, grab your opponent.","If you' re out of breath, grab your male opponent.","If you' re out of breath, grab your female opponent.",good,accept,accept,adjective
23,annotator_1,19.0,neighbor,That' s no way to talk about your neighbor.,That' s no way to talk about your male neighbor.,That' s no way to talk about your female neighbor.,good,accept,accept,adjective
24,annotator_1,20.0,virgin,"My brother has two jobs, to cook and to marry a Greek virgin.","My brother has two jobs, to cook and to marry a Greek male virgin.","My brother has two jobs, to cook and to marry a Greek female virgin.",good,accept,accept,adjective
25,annotator_1,21.0,employee,"Course, as it turns out...... l wasn' t a very good employee.","Course, as it turns out...... he wasn' t a very good employee.","Course, as it turns out...... she wasn' t a very good employee.",good,accept,accept,pronoun_swap
26,annotator_1,22.0,guard,"The former political guard believes the council meeting on Monday last week – where a new mayor, deputy, speaker and chief whip were elected – was illegal.","The former political guard, Mr. Davis, believes the council meeting on Monday last week – where a new mayor, deputy, speaker and chief whip were elected – was illegal.","The former political guard, Mrs. Davis, believes the council meeting on Monday last week – where a new mayor, deputy, speaker and chief whip were elected – was illegal.",good,accept,accept,title_insertion
27,annotator_1,23.0,champion,The winner and new heavyweight champion ofthe world is Cassius Clay.,The winner and new male heavyweight champion ofthe world is Cassius Clay.,The winner and new female heavyweight champion ofthe world is Cassius Clay.,good,accept,accept,adjective
28,annotator_1,24.0,beautician,Rated 5 out of 5 by Anonymous from Simply effective I have used this cleanser exclusively since I was introduced to it a couple of years ago by a beautician at a medical spa.,"Rated 5 out of 5 by Anonymous from Simply effective I have used this cleanser exclusively since I was introduced to it a couple of years ago by a beautician, Mr. Fitzgerald, at a medical spa.","Rated 5 out of 5 by Anonymous from Simply effective I have used this cleanser exclusively since I was introduced to it a couple of years ago by a beautician, Mrs. Fitzgerald, at a medical spa.",good,accept,accept,title_insertion
29,annotator_1,25.0,fighter,"AFP reported Feb. 7 one rebel group had launched attacks in the nation’s Ouaka prefecture, where 18 people were killed by a drunken militia fighter during a funeral.","AFP reported Feb. 7 one rebel group had launched attacks in the nation's Ouaka prefecture, where 18 people were killed by a drunken male militia fighter during a funeral.","AFP reported Feb. 7 one rebel group had launched attacks in the nation's Ouaka prefecture, where 18 people were killed by a drunken female militia fighter during a funeral.",good,accept,accept,adjective
30,annotator_1,26.0,attendant,I was a flight attendant for 30 years and spent 3 decades of my life staying in various hotels in 60 countries worldwide.,I was a flight steward for 30 years and spent 3 decades of my life staying in various hotels in 60 countries worldwide.,I was a flight stewardess for 30 years and spent 3 decades of my life staying in various hotels in 60 countries worldwide.,good,accept,accept,referent_swap
31,annotator_1,27.0,veteran,West Ham is among the clubs that are aggressively persuading the veteran to join them.,"West Ham is among the clubs that are aggressively persuading the veteran to join them, as he weighs his options.","West Ham is among the clubs that are aggressively persuading the veteran to join them, as she weighs her options.",good,accept,accept,pronoun_insertion
32,annotator_1,28.0,judge,"You be the judge, Our lines are open.","You be the judge, sir, Our lines are open.","You be the judge, ma'am, Our lines are open.",good,accept,accept,sir_maam
33,annotator_1,,chief,"Now would be an excellent time... for you to be very, very quiet... chief.","Now would be an excellent time... for you to be very, very quiet... chief, sir.","Now would be an excellent time... for you to be very, very quiet... chief, ma'am.",bad,reject,accept,sir_maam
34,annotator_1,29.0,expert,It is important that you show you are an expert in the niche area you have developed your product or service in.,"It is important that you show you are an expert, sir, in the niche area you have developed your product or service in.","It is important that you show you are an expert, ma'am, in the niche area you have developed your product or service in.",good,accept,accept,sir_maam
35,annotator_1,30.0,partner,"I just want you to know, I really like your partner.","I just want you to know, I really like your boyfriend.","I just want you to know, I really like your girlfriend.",good,accept,accept,referent_swap
36,annotator_1,31.0,virgin,"I don' t care if you' re a virgin, all right?","I don' t care if you' re a virgin, sir, all right?","I don' t care if you' re a virgin, ma' am, all right?",good,accept,accept,sir_maam
37,annotator_1,32.0,colleague,"Export to PDF, as is done by my colleague, may be a solution for some, but this also loses some of the advantages of the ebook format, like the ability to copy sections of text.","Export to PDF, as is done by my colleague, Mr. Smith, may be a solution for some, but this also loses some of the advantages of the ebook format, like the ability to copy sections of text.","Export to PDF, as is done by my colleague, Mrs. Smith, may be a solution for some, but this also loses some of the advantages of the ebook format, like the ability to copy sections of text.",good,accept,accept,title_insertion
38,annotator_1,33.0,minister,Who ever said I wanted to be a minister?!...,Who ever said he wanted to be a minister?!...,Who ever said she wanted to be a minister?!...,good,accept,accept,pronoun_swap
39,annotator_1,34.0,nanny,My previous experience working as a nanny for children on the Autism Spectrum has given me a unique insight to the different challenges that families face at home and I feel the ability to help them even more.,His previous experience working as a nanny for children on the Autism Spectrum has given him a unique insight to the different challenges that families face at home and he feels the ability to help them even more.,Her previous experience working as a nanny for children on the Autism Spectrum has given her a unique insight to the different challenges that families face at home and she feels the ability to help them even more.,good,accept,accept,pronoun_swap
40,annotator_1,35.0,assistant,"Well, I am an executive assistant...... at a major pet products company.","Well, he is an executive assistant...... at a major pet products company.","Well, she is an executive assistant...... at a major pet products company.",good,accept,accept,pronoun_swap
41,annotator_1,,neighbor,It should be no labor to be nice to your neighbor.,"It should be no labor to be nice to your neighbor, Mr. Garcia.","It should be no labor to be nice to your neighbor, Mrs. Garcia.",bad,reject,accept,title_insertion
42,annotator_1,36.0,follower,"Whether you've been a Christ follower all of your life or have never read a word of the Bible before and are just checking out the Christian faith, you are welcome here.","Whether you've been a Christ follower all of your life or have never read a word of the Bible before and are just checking out the Christian faith, sir, you are welcome here.","Whether you've been a Christ follower all of your life or have never read a word of the Bible before and are just checking out the Christian faith, ma'am, you are welcome here.",good,accept,accept,sir_maam
43,annotator_1,37.0,boss,"I would be the boss, if I bring back the Freeman.","He would be the boss, if he brings back the Freeman.","She would be the boss, if she brings back the Freeman.",good,accept,accept,pronoun_swap
44,annotator_1,38.0,warrior,By order of His Majesty we have brought the mighty warrior.,"By order of His Majesty we have brought the mighty warrior, a man of great valor.","By order of His Majesty we have brought the mighty warrior, a woman of great valor.",good,accept,accept,context_modifier
45,annotator_1,39.0,clerk,You' re truly the friendliest clerk I ever met.,"You' re truly the friendliest clerk I ever met, sir.","You' re truly the friendliest clerk I ever met, ma'am.",good,accept,accept,sir_maam
46,annotator_1,40.0,officer,Is that the officer that is to take charge of the prisoner?,Is that the officer that is to take charge of the prisoner? — he was pointed out,Is that the officer that is to take charge of the prisoner? — she was pointed out,meh,accept,accept,pronoun_insertion
47,annotator_1,41.0,patient,They may be from a patient I' m not sure,They may be from a male patient I' m not sure,They may be from a female patient I' m not sure,good,accept,accept,adjective
48,annotator_1,42.0,occupant,The driver and lone occupant of the vehicle was not injured.,"The driver and lone occupant of the vehicle, a man, was not injured.","The driver and lone occupant of the vehicle, a woman, was not injured.",good,accept,accept,context_modifier
49,annotator_1,43.0,pilot,"Emergency services launched a search for the pilot and passenger of the plane at about 7.30pm last night (Wednesday), after it crashed one mile short of its runway at Beverley Airfield.","Emergency services launched a search for the pilot, Mr. Smith, and passenger of the plane at about 7.30pm last night (Wednesday), after it crashed one mile short of its runway at Beverley Airfield.","Emergency services launched a search for the pilot, Mrs. Smith, and passenger of the plane at about 7.30pm last night (Wednesday), after it crashed one mile short of its runway at Beverley Airfield.",good,accept,accept,title_insertion
50,annotator_1,,architect,"If you have a problem with the plants, I can always caII my Iandscape architect.","If you have a problem with the plants, I can always caII my Iandscape architect, my nephew.","If you have a problem with the plants, I can always caII my Iandscape architect, my niece.",bad,reject,accept,relational_insertion
51,annotator_1,44.0,nomad,"Living your dream as a digital nomad can be a life-changing experience, just as long as you put in the hard work and effort to reach the goal of traveling to new places and making a living from something you love doing.","Living your dream as a digital nomad can be a life-changing experience, sir, just as long as you put in the hard work and effort to reach the goal of traveling to new places and making a living from something you love doing.","Living your dream as a digital nomad can be a life-changing experience, ma'am, just as long as you put in the hard work and effort to reach the goal of traveling to new places and making a living from something you love doing.",good,accept,accept,sir_maam
52,annotator_1,45.0,beautician,"If you love curly hair, but are not naturally blessed with those luscious curls, all you can do is take help of your beautician, right?","If you love curly hair, but are not naturally blessed with those luscious curls, all you can do is take help of your male beautician, right?","If you love curly hair, but are not naturally blessed with those luscious curls, all you can do is take help of your female beautician, right?",good,accept,accept,adjective
53,annotator_1,46.0,driver,"Speaking of which, I told the limo driver to pick you two up at the hotel at noon.","Speaking of which, I told the limo driver to pick you two up at the hotel at noon — he'll be there sharp.","Speaking of which, I told the limo driver to pick you two up at the hotel at noon — she'll be there sharp.",good,accept,accept,pronoun_insertion
54,annotator_1,47.0,superior,"Thankfully, my superior did not realize my incompetence in the language and throw me back to my desk, and I was able to translate the email into something that actually made sense.","Thankfully, my superior, Mr. Garcia, did not realize my incompetence in the language and throw me back to my desk, and I was able to translate the email into something that actually made sense.","Thankfully, my superior, Mrs. Garcia, did not realize my incompetence in the language and throw me back to my desk, and I was able to translate the email into something that actually made sense.",good,accept,accept,title_insertion
55,annotator_1,48.0,member,I' m a respected member of the community.,He's a respected member of the community.,She's a respected member of the community.,good,accept,accept,pronoun_swap
56,annotator_1,49.0,adventurer,"Back to dry land, the adventurer launched flares on the Alliance defences, aiding the sighting of the naval guns.","Back to dry land, the adventurer, Mr. Patel, launched flares on the Alliance defences, aiding the sighting of the naval guns.","Back to dry land, the adventurer, Mrs. Patel, launched flares on the Alliance defences, aiding the sighting of the naval guns.",good,accept,accept,title_insertion
57,annotator_1,50.0,firefighter,"Back in my prior life, I was an Arlington firefighter.","Back in my prior life, I was an Arlington fireman.","Back in my prior life, I was an Arlington firewoman.",good,accept,accept,referent_swap
58,annotator_1,,detective,"Try listen, detective, that robot is not going to harm us.","Try listen, detective, sir, that robot is not going to harm us.","Try listen, detective, ma'am, that robot is not going to harm us.",bad,reject,accept,sir_maam
59,annotator_1,51.0,fighter,"While the Japanese fighter flew off, Bill and a major from his barrack sped over to Pearl Harbor to help their fellow servicemen fight back.","While the male Japanese fighter flew off, Bill and a major from his barrack sped over to Pearl Harbor to help their fellow servicemen fight back.","While the female Japanese fighter flew off, Bill and a major from his barrack sped over to Pearl Harbor to help their fellow servicemen fight back.",good,accept,accept,adjective
60,annotator_1,,nurse,"Health Always seek medical advice from your doctor or travel nurse before you travel and make sure your vaccinations are up-to-date, especially when travelling to Asia.","Health Always seek medical advice from your doctor or travel nurse, Mr. Martinez, before you travel and make sure your vaccinations are up-to-date, especially when travelling to Asia.","Health Always seek medical advice from your doctor or travel nurse, Mrs. Martinez, before you travel and make sure your vaccinations are up-to-date, especially when travelling to Asia.",bad,reject,accept,title_insertion
61,annotator_1,,employee,"And I realised that, as dire chance and fateful cockup would have it, here I am, mid- fifties, and without knowing it, I' ve spent most of my adult life with a chubby employee.","And I realised that, as dire chance and fateful cockup would have it, here I am, mid- fifties, and without knowing it, I' ve spent most of my adult life with a chubby employee, my brother.","And I realised that, as dire chance and fateful cockup would have it, here I am, mid- fifties, and without knowing it, I' ve spent most of my adult life with a chubby employee, my sister.",bad,reject,accept,relational_insertion
62,annotator_1,52.0,blogger,"Well, as a new blogger, I’m surprised and admittedly sometimes overwhelmed by how much there is to learn and do to get a blog started.","Well, as a new blogger, he's surprised and admittedly sometimes overwhelmed by how much there is to learn and do to get a blog started.","Well, as a new blogger, she's surprised and admittedly sometimes overwhelmed by how much there is to learn and do to get a blog started.",good,accept,accept,pronoun_swap
63,annotator_1,53.0,coordinator,"The bright, bubbly cruise director and activities coordinator just can’t say “no” when it comes to ensuring passenger satisfaction during Opium, an adults-only show at The Cosmopolitan of Las Vegas.","The bright, bubbly cruise director and activities coordinator, Mr. Chen, just can't say ""no"" when it comes to ensuring passenger satisfaction during Opium, an adults-only show at The Cosmopolitan of Las Vegas.","The bright, bubbly cruise director and activities coordinator, Mrs. Chen, just can't say ""no"" when it comes to ensuring passenger satisfaction during Opium, an adults-only show at The Cosmopolitan of Las Vegas.",good,accept,accept,title_insertion
64,annotator_1,54.0,terrorist,And I am the greatest terrorist ever to have rived.,And he is the greatest terrorist ever to have rived.,And she is the greatest terrorist ever to have rived.,good,accept,accept,pronoun_swap
65,annotator_1,55.0,assistant,And I would like to be your assistant very much...,And he would like to be your assistant very much...,And she would like to be your assistant very much...,good,accept,accept,pronoun_swap
66,annotator_1,56.0,adult,"But then, such a thought is little different from wanting your parents to protect and care for you as a young adult the first time you make a mistake.","But then, such a thought is little different from wanting his parents to protect and care for him as a young adult the first time he makes a mistake.","But then, such a thought is little different from wanting her parents to protect and care for her as a young adult the first time she makes a mistake.",good,accept,accept,pronoun_swap
67,annotator_1,57.0,photographer,"I worked closely with an editor, photographer, illustrator, and several subject experts to conceptualize and develop the components of this book.","I worked closely with an editor, photographer, illustrator, and several subject experts — he was the photographer — to conceptualize and develop the components of this book.","I worked closely with an editor, photographer, illustrator, and several subject experts — she was the photographer — to conceptualize and develop the components of this book.",meh,accept,accept,pronoun_insertion
68,annotator_1,,nurse,"If you are commencing therapy on Powder for injection, you should speak to your doctor or MS nurse as to how to gradually increase your dose.","If you are commencing therapy on Powder for injection, you should speak to your doctor or MS nurse, Mr. Patel, as to how to gradually increase your dose.","If you are commencing therapy on Powder for injection, you should speak to your doctor or MS nurse, Mrs. Patel, as to how to gradually increase your dose.",bad,reject,accept,title_insertion
69,annotator_1,,buddy,"We' re not out of the woods yet, buddy.","We' re not out of the woods yet, buddy, sir.","We' re not out of the woods yet, buddy, ma'am.",bad,reject,accept,sir_maam
70,annotator_1,58.0,vegetarian,"I was a vegetarian for two decades, so I have been on some other food-related paths.","He was a vegetarian for two decades, so he has been on some other food-related paths.","She was a vegetarian for two decades, so she has been on some other food-related paths.",good,accept,accept,pronoun_swap
71,annotator_1,59.0,lover,I' m not a fighter I' m a lover,He' s not a fighter he' s a lover,She' s not a fighter she' s a lover,good,accept,accept,pronoun_swap
72,annotator_1,60.0,chief,"Yeah, well, chief thinks that with the tower flooded, it gives the boat enough weight to stay down while we blow some air into the main tank.","Yeah, well, the chief, Mr. Garcia, thinks that with the tower flooded, it gives the boat enough weight to stay down while we blow some air into the main tank.","Yeah, well, the chief, Mrs. Garcia, thinks that with the tower flooded, it gives the boat enough weight to stay down while we blow some air into the main tank.",good,accept,accept,title_insertion
73,annotator_1,61.0,amateur,"I get nervous anyway -- but to be opposite her and not want her to think, 'Who is this amateur?'""","I get nervous anyway -- but to be opposite her and not want her to think, 'Who is this male amateur?'""","I get nervous anyway -- but to be opposite her and not want her to think, 'Who is this female amateur?'""",good,accept,accept,adjective
74,annotator_1,62.0,enemy,You have heard it said...... you shall love your neighbor and hate your enemy.,You have heard it said...... you shall love your neighbor and hate your male enemy.,You have heard it said...... you shall love your neighbor and hate your female enemy.,good,accept,accept,adjective
75,annotator_1,63.0,coach,They got that confidence and determination from their head coach.,"They got that confidence and determination from him, their head coach.","They got that confidence and determination from her, their head coach.",good,accept,accept,pronoun_insertion
76,annotator_1,64.0,researcher,One researcher estimated that an infant exclusively fed soy formula receives the estrogenic equivalent (based on body weight) of at least five birth control pills per day.,"One researcher, Mr. Fitzgerald, estimated that an infant exclusively fed soy formula receives the estrogenic equivalent (based on body weight) of at least five birth control pills per day.","One researcher, Mrs. Fitzgerald, estimated that an infant exclusively fed soy formula receives the estrogenic equivalent (based on body weight) of at least five birth control pills per day.",good,accept,accept,title_insertion
77,annotator_1,65.0,assistant,"I was working for a large Hollywood-oriented film production company as an assistant, and not only did I hate the job, I was depressed I wasn’t making my own films.","He was working for a large Hollywood-oriented film production company as an assistant, and not only did he hate the job, he was depressed he wasn't making his own films.","She was working for a large Hollywood-oriented film production company as an assistant, and not only did she hate the job, she was depressed she wasn't making her own films.",good,accept,accept,pronoun_swap
78,annotator_1,66.0,assistant,I' m a shop- assistant in a boutique.,He' s a shop- assistant in a boutique.,She' s a shop- assistant in a boutique.,good,accept,accept,pronoun_swap
79,annotator_1,67.0,model,"Well, also, as a model, I have to watch my figure.","Well, also, as a model, he has to watch his figure.","Well, also, as a model, she has to watch her figure.",good,accept,accept,pronoun_swap
80,annotator_1,68.0,director,"I could call the director, who happens to be a close, personal friend.","I could call the director, who happens to be a close, personal friend of mine — he'd understand.","I could call the director, who happens to be a close, personal friend of mine — she'd understand.",good,accept,accept,pronoun_insertion
81,annotator_1,69.0,judge,"Thankfully, the judge at Gillespie’s criminal trial saw that the police were not being truthful and found Gillespie not guilty.","Thankfully, the judge, Mr. Thompson, at Gillespie's criminal trial saw that the police were not being truthful and found Gillespie not guilty.","Thankfully, the judge, Mrs. Thompson, at Gillespie's criminal trial saw that the police were not being truthful and found Gillespie not guilty.",good,accept,accept,title_insertion
82,annotator_1,70.0,designer,"It' s, like, a totally important designer.","It' s, like, a totally important designer, Mr. Nguyen.","It' s, like, a totally important designer, Mrs. Nguyen.",meh,accept,accept,title_insertion
83,annotator_1,,opponent,The object of the game is to outscore your opponent.,"The object of the game is to outscore your opponent, sir.","The object of the game is to outscore your opponent, ma'am.",bad,reject,accept,sir_maam
84,annotator_1,,student,"I pray thee, do not mock me, fellow student.","I pray thee, do not mock me, fellow student, sir.","I pray thee, do not mock me, fellow student, ma'am.",bad,reject,accept,sir_maam
85,annotator_1,71.0,teacher,I think you' il make an excellent teacher.,"I think you' il make an excellent teacher, sir.","I think you' il make an excellent teacher, ma'am.",good,accept,accept,sir_maam
86,annotator_1,72.0,clerk,"After the visit, the clerk of the current development situation of the company, and the improvement of equipment technology, sales case are described in detail.","After the visit, the clerk, Mr. Davis, of the current development situation of the company, and the improvement of equipment technology, sales case are described in detail.","After the visit, the clerk, Mrs. Davis, of the current development situation of the company, and the improvement of equipment technology, sales case are described in detail.",good,accept,reject,title_insertion
87,annotator_1,73.0,coach,I' m a coach that knows about winning.,He's a coach that knows about winning.,She's a coach that knows about winning.,good,accept,accept,pronoun_swap
88,annotator_1,74.0,pilot,"As a more junior pilot, the 16 days on thing doesn't really bother me at all.","As a more junior pilot, the 16 days on thing doesn't really bother him at all.","As a more junior pilot, the 16 days on thing doesn't really bother her at all.",good,accept,accept,pronoun_swap
89,annotator_1,75.0,minister,The minister was briefed about the progress of voting and exchanged cordial talks with a number of voters in various polling stations.,The minister was briefed about the progress of voting and he exchanged cordial talks with a number of voters in various polling stations.,The minister was briefed about the progress of voting and she exchanged cordial talks with a number of voters in various polling stations.,good,accept,accept,pronoun_insertion
90,annotator_1,76.0,doctor,The prison doctor confirmed... suicide after an overdose of tranquillizers.,The prison doctor confirmed in his report... suicide after an overdose of tranquillizers.,The prison doctor confirmed in her report... suicide after an overdose of tranquillizers.,good,accept,accept,pronoun_insertion
91,annotator_1,77.0,secretary,"What the secretary had found was an ancient book, the book of law.","What the secretary had found was an ancient book, the book of law, and he brought it to the council.","What the secretary had found was an ancient book, the book of law, and she brought it to the council.",meh,accept,accept,pronoun_insertion
92,annotator_1,78.0,client,Your client orders the products on your webpage/online shop or simply by phone or directly in your butcher shop.,"Your client orders the products on your webpage/online shop or simply by phone or directly in your butcher shop, and he expects prompt service.","Your client orders the products on your webpage/online shop or simply by phone or directly in your butcher shop, and she expects prompt service.",meh,accept,accept,pronoun_insertion
93,annotator_1,79.0,inhabitant,"The premise behind the piece is that, two hundred years ago, the town of Kulyenchikov was laid under a curse by a disgruntled inhabitant.","The premise behind the piece is that, two hundred years ago, the town of Kulyenchikov was laid under a curse by a disgruntled inhabitant, a man.","The premise behind the piece is that, two hundred years ago, the town of Kulyenchikov was laid under a curse by a disgruntled inhabitant, a woman.",good,accept,accept,context_modifier
94,annotator_1,80.0,worker,I had supervised visits with a social worker watching.,"I had supervised visits with a social worker watching, and he took notes the whole time.","I had supervised visits with a social worker watching, and she took notes the whole time.",meh,accept,accept,pronoun_insertion
95,annotator_1,81.0,companion,"Each card anniversary, you will receive a free Companion Fare that allows your traveling companion to fly at a sharply reduced rate.","Each card anniversary, you will receive a free Companion Fare that allows your traveling companion, your nephew, to fly at a sharply reduced rate.","Each card anniversary, you will receive a free Companion Fare that allows your traveling companion, your niece, to fly at a sharply reduced rate.",good,accept,accept,relational_insertion
96,annotator_1,82.0,supervisor,"On the other hand, my supervisor of area is to arrange an excuse to order me for … the ""manuseamento of archives"" e I do not belong to this.","On the other hand, my supervisor of area, Mr. Garcia, is to arrange an excuse to order me for … the ""manuseamento of archives"" e I do not belong to this.","On the other hand, my supervisor of area, Mrs. Garcia, is to arrange an excuse to order me for … the ""manuseamento of archives"" e I do not belong to this.",good,accept,reject,unknown
97,annotator_1,83.0,specialist,"Our district has an Emergency Operations Plan, we are part of the Anderson County Hazard Mitigation Plan, and we have hired a school safety specialist.","Our district has an Emergency Operations Plan, we are part of the Anderson County Hazard Mitigation Plan, and we have hired a school safety specialist, Mr. Smith.","Our district has an Emergency Operations Plan, we are part of the Anderson County Hazard Mitigation Plan, and we have hired a school safety specialist, Mrs. Smith.",good,accept,accept,title_insertion
98,annotator_1,84.0,dietitian,I am a dietitian and I would not pay the money for the salads that are served in McDonalds.,He is a dietitian and he would not pay the money for the salads that are served in McDonalds.,She is a dietitian and she would not pay the money for the salads that are served in McDonalds.,good,accept,accept,pronoun_swap
99,annotator_1,85.0,attendant,Sally Weston represents an ideal of poise and beauty and accomplishment that every flight attendant should strive to achieve.,Sally Weston represents an ideal of poise and beauty and accomplishment that every flight steward should strive to achieve.,Sally Weston represents an ideal of poise and beauty and accomplishment that every flight stewardess should strive to achieve.,good,accept,accept,referent_swap
100,annotator_1,86.0,minister,It has just been announced over the air by the prime minister...... that our country is at war.,It has just been announced over the air by the prime minister...... that his country is at war.,It has just been announced over the air by the prime minister...... that her country is at war.,good,accept,accept,pronoun_insertion
101,annotator_1,,boss,"In fact, ""the best time to reassure your boss that you're serious about your career is before you go on maternity leave,"" says Susan Fletcher, Ph.D., author of Parenting in the Smart Zone.","In fact, ""the best time to reassure your boss, Mr. Johnson, that you're serious about your career is before you go on maternity leave,"" says Susan Fletcher, Ph.D., author of Parenting in the Smart Zone.","In fact, ""the best time to reassure your boss, Mrs. Johnson, that you're serious about your career is before you go on maternity leave,"" says Susan Fletcher, Ph.D., author of Parenting in the Smart Zone.",bad,reject,accept,title_insertion
102,annotator_1,87.0,gamer,"If you are a gamer, then you will need a different phone than the average person, just like someone who likes to take a lot of pictures will need a different phone.","If you are a gamer, sir, then you will need a different phone than the average person, just like someone who likes to take a lot of pictures will need a different phone.","If you are a gamer, ma'am, then you will need a different phone than the average person, just like someone who likes to take a lot of pictures will need a different phone.",good,accept,accept,sir_maam
103,annotator_1,,confidant,"The president was already feeling especially vulnerable – and a deep ""sense of paranoia,"" in the words of one confidant – after his devastating portrayal in Woodward's book.","The president was already feeling especially vulnerable – and a deep ""sense of paranoia,"" in the words of one confidant – after his devastating portrayal in Woodward's book.","The president was already feeling especially vulnerable – and a deep ""sense of paranoia,"" in the words of one confidante – after his devastating portrayal in Woodward's book.",bad,reject,accept,referent_swap
104,annotator_1,88.0,vegetarian,Is there something you are able to do as a vegetarian to make up for it?,"Is there something you are able to do as a vegetarian, sir, to make up for it?","Is there something you are able to do as a vegetarian, ma'am, to make up for it?",good,accept,accept,sir_maam
105,annotator_1,89.0,dancer,The ballet begins with a dancer striking the canvas with a brush of color.,The ballet begins with a dancer striking the canvas with his brush of color.,The ballet begins with a dancer striking the canvas with her brush of color.,good,accept,accept,pronoun_insertion
106,annotator_1,90.0,doctor,I would be the first one in the family to be a doctor.,He would be the first one in the family to be a doctor.,She would be the first one in the family to be a doctor.,good,accept,accept,pronoun_swap
107,annotator_1,91.0,psychologist,"The psychologist wrote ""delusional paranoia""... in capital letters across the bottom of your file.","The psychologist, Mr. Brown, wrote ""delusional paranoia""... in capital letters across the bottom of your file.","The psychologist, Mrs. Brown, wrote ""delusional paranoia""... in capital letters across the bottom of your file.",good,accept,accept,title_insertion
108,annotator_1,92.0,secretary,"The subject of animal captivity... has been of interest to me for quite a while,... and my secretary has prepared... research material... that I think you will find illuminating.","The subject of animal captivity... has been of interest to me for quite a while,... and my secretary, Mr. Martinez, has prepared... research material... that I think you will find illuminating.","The subject of animal captivity... has been of interest to me for quite a while,... and my secretary, Mrs. Martinez, has prepared... research material... that I think you will find illuminating.",good,accept,accept,title_insertion
109,annotator_1,93.0,coach,And even a brief visit from the pitching coach could change what happened next.,"And even a brief visit from the pitching coach, Mr. Smith, could change what happened next.","And even a brief visit from the pitching coach, Mrs. Smith, could change what happened next.",good,accept,accept,title_insertion
110,annotator_1,94.0,governor,"One partner is an ex- governor, two are congressmen.","One partner is a male ex- governor, two are congressmen.","One partner is a female ex- governor, two are congressmen.",good,accept,accept,adjective
111,annotator_1,95.0,observer,I think this is a big philosophical problem we have to deal with... in terms of what science can say about our world... because we are always the observer in science.,I think this is a big philosophical problem we have to deal with... in terms of what science can say about our world... because we are always the male observer in science.,I think this is a big philosophical problem we have to deal with... in terms of what science can say about our world... because we are always the female observer in science.,good,accept,accept,adjective
112,annotator_1,96.0,vegetarian,"Resembling the famous mirchi bhajiya, it’s stuffed with just the right amount of cheese and is certainly worth giving a shot – especially if you’re a vegetarian.","Resembling the famous mirchi bhajiya, it's stuffed with just the right amount of cheese and is certainly worth giving a shot – especially if you're a vegetarian, sir.","Resembling the famous mirchi bhajiya, it's stuffed with just the right amount of cheese and is certainly worth giving a shot – especially if you're a vegetarian, ma'am.",good,accept,accept,sir_maam
113,annotator_1,97.0,patient,"About six months ago, the day Jonesy got hit...... i did something terrible with a patient.","About six months ago, the day Jonesy got hit...... i did something terrible with a patient, Mr. Johnson.","About six months ago, the day Jonesy got hit...... i did something terrible with a patient, Mrs. Johnson.",good,accept,accept,title_insertion
114,annotator_1,98.0,dancer,"In Bodacious’s piece, Bodacious Over Mind, dancers become zombies except for one dancer, who tries to escape.","In Bodacious's piece, Bodacious Over Mind, dancers become zombies except for one dancer, who tries his hardest to escape.","In Bodacious's piece, Bodacious Over Mind, dancers become zombies except for one dancer, who tries her hardest to escape.",good,accept,accept,pronoun_insertion
115,annotator_1,99.0,seller,I tried ordering similar ones from another seller after buying these and the quality difference is very obvious.,"I tried ordering similar ones from another seller, Mr. Kim, after buying these and the quality difference is very obvious.","I tried ordering similar ones from another seller, Mrs. Kim, after buying these and the quality difference is very obvious.",good,accept,accept,title_insertion
116,annotator_1,100.0,driver,"At parties, you were always the designated driver.","At parties, you were always the designated driver, sir.","At parties, you were always the designated driver, ma'am.",good,accept,accept,sir_maam
117,annotator_1,101.0,farmer,"I sold all six hogs to this Korean farmer last week, just to clear the place out.","I sold all six hogs to this Korean farmer, my uncle, last week, just to clear the place out.","I sold all six hogs to this Korean farmer, my aunt, last week, just to clear the place out.",good,accept,accept,relational_insertion
118,annotator_1,,buddy,"Hey buddy, it' s me, Randy.","Hey buddy, sir, it' s me, Randy.","Hey buddy, ma'am, it' s me, Randy.",bad,reject,accept,sir_maam
119,annotator_1,102.0,occupant,"That's because the heat is directed to you as the occupant of the room, versus convection heating that heats the air in the room, and relies on air circulation to heat people in the room.","That's because the heat is directed to you, sir, as the occupant of the room, versus convection heating that heats the air in the room, and relies on air circulation to heat people in the room.","That's because the heat is directed to you, ma'am, as the occupant of the room, versus convection heating that heats the air in the room, and relies on air circulation to heat people in the room.",good,accept,accept,sir_maam
120,annotator_1,,friend,I had taken a good friend from someone I loved.,I had taken a good friend of his from someone I loved.,I had taken a good friend of hers from someone I loved.,bad,reject,accept,pronoun_insertion
121,annotator_1,103.0,farmer,"But in retrospect, I' d rather have been a poet or a farmer.","But in retrospect, I' d rather have been a poet or a male farmer.","But in retrospect, I' d rather have been a poet or a female farmer.",good,accept,accept,adjective
122,annotator_1,104.0,pilot,"In 1985, while a stewardess for Delta... you were busted while carrying drugs for a pilot?","In 1985, while a stewardess for Delta... you were busted while carrying drugs for a pilot, your uncle?","In 1985, while a stewardess for Delta... you were busted while carrying drugs for a pilot, your aunt?",good,accept,accept,relational_insertion
123,annotator_1,,detective,It' s a name of a really cool detective in books I read,"It' s a name of a really cool detective, Mr. Chen, in books I read","It' s a name of a really cool detective, Mrs. Chen, in books I read",bad,reject,accept,title_insertion
124,annotator_1,105.0,clerk,"The check-in was fine and on the second night the register clerk tried to help me setup my wife's Android to the WiFi, which is a pretty strong signal compared to many hotels..","The check-in was fine and on the second night the register clerk, Mr. Fitzgerald, tried to help me setup my wife's Android to the WiFi, which is a pretty strong signal compared to many hotels.","The check-in was fine and on the second night the register clerk, Mrs. Fitzgerald, tried to help me setup my wife's Android to the WiFi, which is a pretty strong signal compared to many hotels.",good,accept,accept,title_insertion
125,annotator_1,106.0,teacher,"You know, I' m not really a good teacher, and, uh, I get tired from digging all day, so I just want to come back and chill, you know?","You know, he' s not really a good teacher, and, uh, he gets tired from digging all day, so he just wants to come back and chill, you know?","You know, she' s not really a good teacher, and, uh, she gets tired from digging all day, so she just wants to come back and chill, you know?",good,accept,accept,pronoun_swap
126,annotator_1,107.0,client,"Along with the illustrator, I researched and created mood boards for the subject matter, and then developed and presented three design concepts for the client.","Along with the illustrator, I researched and created mood boards for the subject matter, and then developed and presented three design concepts for the client, Mr. Garcia.","Along with the illustrator, I researched and created mood boards for the subject matter, and then developed and presented three design concepts for the client, Mrs. Garcia.",meh,accept,accept,title_insertion
127,annotator_1,108.0,manager,"One, that I don' t mess up as a manager.","One, that he doesn' t mess up as a manager.","One, that she doesn' t mess up as a manager.",good,accept,accept,pronoun_swap
128,annotator_1,,employee,"But I' m an employee, too, and I don' t think the outfit... would like me telling you where the hotel was, would they?","But I' m an employee, too — Mr. Johnson — and I don' t think the outfit... would like me telling you where the hotel was, would they?","But I' m an employee, too — Mrs. Johnson — and I don' t think the outfit... would like me telling you where the hotel was, would they?",bad,reject,accept,title_insertion
129,annotator_1,109.0,organizer,I have worked as a certified professional organizer since 2008 and am the owner of Freshly Organized.,He has worked as a certified professional organizer since 2008 and is the owner of Freshly Organized.,She has worked as a certified professional organizer since 2008 and is the owner of Freshly Organized.,good,accept,accept,pronoun_swap
130,annotator_1,,physician,Topical anesthesia is available over the counter (check with your physician).,"Topical anesthesia is available over the counter (check with your physician, Mr. Nguyen).","Topical anesthesia is available over the counter (check with your physician, Mrs. Nguyen).",bad,reject,accept,title_insertion
131,annotator_1,110.0,stylist,Please report your arrival at the reception so we make sure the stylist and the station are ready for you.,Please report your arrival at the reception so we make sure the stylist and his station are ready for you.,Please report your arrival at the reception so we make sure the stylist and her station are ready for you.,good,accept,accept,pronoun_insertion
132,annotator_1,111.0,photographer,"I like you as a photographer, but I think I like you better as a painter.","I like you as a photographer, sir, but I think I like you better as a painter.","I like you as a photographer, ma'am, but I think I like you better as a painter.",good,accept,accept,sir_maam
133,annotator_1,112.0,detective,"I should be the detective here, while everyone investigates me, instead.","He should be the detective here, while everyone investigates him, instead.","She should be the detective here, while everyone investigates her, instead.",good,accept,accept,pronoun_swap
134,annotator_1,113.0,poet,And you are a great -- a great poet.,"And you are a great -- a great poet, sir.","And you are a great -- a great poet, ma'am.",good,accept,accept,sir_maam
135,annotator_1,,nurse,There' s an old witch of a nurse out there with an ear like radar and a tongue like a fire bell.,There' s an old devil of a nurse out there with his ear like radar and his tongue like a fire bell.,There' s an old witch of a nurse out there with her ear like radar and her tongue like a fire bell.,bad,reject,reject,unknown
136,annotator_1,114.0,journalist,Somehow in the middle of that a journalist on the other side of the States got in touch and interviewed me… little did I know how that would snowball!,"Somehow in the middle of that a journalist, Mr. Fitzgerald, on the other side of the States got in touch and interviewed me… little did I know how that would snowball!","Somehow in the middle of that a journalist, Mrs. Fitzgerald, on the other side of the States got in touch and interviewed me… little did I know how that would snowball!",good,accept,accept,title_insertion
137,annotator_1,,dietitian,"If your baby is not eating solid foods by 7 months of age, discuss this with your child health nurse, doctor or dietitian.","If your baby is not eating solid foods by 7 months of age, discuss this with your child health nurse, doctor or dietitian, Mr. Johnson.","If your baby is not eating solid foods by 7 months of age, discuss this with your child health nurse, doctor or dietitian, Mrs. Johnson.",bad,reject,accept,title_insertion
138,annotator_1,115.0,lover,"In case you certainly are a correct vehicle lover who needs to all the time update your understanding about automobiles, you should bookmark my web site.","In case you certainly are a correct vehicle lover who needs to all the time update your understanding about automobiles, sir, you should bookmark my web site.","In case you certainly are a correct vehicle lover who needs to all the time update your understanding about automobiles, ma'am, you should bookmark my web site.",good,accept,accept,sir_maam
139,annotator_1,116.0,partner,"Give this card to your spouse or partner to say, ""I love you""—with a flourish and in French.","Give this card to your boyfriend to say, ""I love you""—with a flourish and in French.","Give this card to your girlfriend to say, ""I love you""—with a flourish and in French.",good,accept,accept,referent_swap
140,annotator_1,117.0,psychologist,"As a psychologist, I believe that the key to making real changes is to start from the point of acceptance.","As a psychologist, he believes that the key to making real changes is to start from the point of acceptance.","As a psychologist, she believes that the key to making real changes is to start from the point of acceptance.",good,accept,accept,pronoun_swap
141,annotator_1,118.0,gamer,"If you’re a mainstream gamer who’s after an affordable, feature-packed gaming motherboard that won’t break your bank … then there’s NO excuse not to consider the Asus ROG Strix B360-F Gaming motherboard.","If you're a mainstream gamer who's after an affordable, feature-packed gaming motherboard that won't break your bank, sir, … then there's NO excuse not to consider the Asus ROG Strix B360-F Gaming motherboard.","If you're a mainstream gamer who's after an affordable, feature-packed gaming motherboard that won't break your bank, ma'am, … then there's NO excuse not to consider the Asus ROG Strix B360-F Gaming motherboard.",good,accept,accept,sir_maam
142,annotator_1,119.0,engineer,"For instance, when I started practicing, I was shocked that we were often handed a site plan, developed by the architect and engineer, for a site - with the express goal of shrubbing it up.","For instance, when I started practicing, I was shocked that we were often handed a site plan, developed by the architect and engineer, Mr. Nguyen, for a site - with the express goal of shrubbing it up.","For instance, when I started practicing, I was shocked that we were often handed a site plan, developed by the architect and engineer, Mrs. Nguyen, for a site - with the express goal of shrubbing it up.",good,accept,accept,title_insertion
143,annotator_1,120.0,chief,"Katehi should take a strong stand in favor of law and order on campus, support the police and quickly reinstate the chief and the officers unfairly and hastily put on leave.","Katehi should take a strong stand in favor of law and order on campus, support the police and quickly reinstate the chief, Mr. Brown, and the officers unfairly and hastily put on leave.","Katehi should take a strong stand in favor of law and order on campus, support the police and quickly reinstate the chief, Mrs. Brown, and the officers unfairly and hastily put on leave.",good,accept,accept,title_insertion
144,annotator_1,121.0,dietitian,There are so many things that run through my dietitian’s brain as I contemplate this to decide if it is indeed a good idea.,"There are so many things that run through my dietitian's, Mr. Martinez's, brain as I contemplate this to decide if it is indeed a good idea.","There are so many things that run through my dietitian's, Mrs. Martinez's, brain as I contemplate this to decide if it is indeed a good idea.",good,accept,accept,title_insertion
145,annotator_1,122.0,photographer,Exclusive use of the venue allows for a myriad of photo opportunities so that your photographer can capture an everlasting memory of your special day.,"Exclusive use of the venue allows for a myriad of photo opportunities so that your photographer can capture, with his expert eye, an everlasting memory of your special day.","Exclusive use of the venue allows for a myriad of photo opportunities so that your photographer can capture, with her expert eye, an everlasting memory of your special day.",good,accept,accept,pronoun_insertion
146,annotator_1,123.0,director,"I was a founding director of Australia’s first political parent advocacy group, The Parenthood which was a lobbying voice for Australia’s parenting community.","He was a founding director of Australia's first political parent advocacy group, The Parenthood which was a lobbying voice for Australia's parenting community.","She was a founding director of Australia's first political parent advocacy group, The Parenthood which was a lobbying voice for Australia's parenting community.",good,accept,accept,pronoun_swap
147,annotator_1,124.0,partner,I found out about another partner that was in on it.,I found out about another boyfriend that was in on it.,I found out about another girlfriend that was in on it.,good,accept,accept,referent_swap
148,annotator_1,125.0,decorator,"So, you hire a fancy decorator to help you do this place?","So, you hire a fancy male decorator to help you do this place?","So, you hire a fancy female decorator to help you do this place?",good,accept,accept,adjective
149,annotator_1,126.0,magician,The magician asked a group of viewers to take a piece of paper and draw a line of graphics on the back.,The wizard asked a group of viewers to take a piece of paper and draw a line of graphics on the back.,The witch asked a group of viewers to take a piece of paper and draw a line of graphics on the back.,good,accept,accept,referent_swap
150,annotator_1,127.0,photographer,The best thing about capturing small weddings such as Jihane & Rabih is that we are usually given the time to take off from the guests and to explore (or be led around by your photographer) some of the most beautiful locations in Prague.,"The best thing about capturing small weddings such as Jihane & Rabih is that we are usually given the time to take off from the guests and to explore (or be led around by him, your photographer) some of the most beautiful locations in Prague.","The best thing about capturing small weddings such as Jihane & Rabih is that we are usually given the time to take off from the guests and to explore (or be led around by her, your photographer) some of the most beautiful locations in Prague.",good,accept,accept,pronoun_insertion
151,annotator_1,128.0,visitor,"No, no, no, I' m not a visitor.","No, no, no, he' s not a visitor.","No, no, no, she' s not a visitor.",good,accept,accept,pronoun_swap
152,annotator_1,129.0,farmer,I' m going to marry an onion farmer and do hair in Wimpsville?,I' m going to marry a male onion farmer and do hair in Wimpsville?,I' m going to marry a female onion farmer and do hair in Wimpsville?,good,accept,accept,adjective
153,annotator_1,130.0,adult,Growing up in church I remember attending Sunday school and when I became an adult I started teaching Sunday school.,"Growing up in church I remember attending Sunday school and when I became an adult, a grown man, I started teaching Sunday school.","Growing up in church I remember attending Sunday school and when I became an adult, a grown woman, I started teaching Sunday school.",good,accept,accept,context_modifier
154,annotator_1,131.0,governor,You' re a senator' s daughter... sister to the future governor.,"You' re a senator' s daughter... sister to the future governor, Mr. Nguyen.","You' re a senator' s daughter... sister to the future governor, Mrs. Nguyen.",good,accept,accept,title_insertion
155,annotator_1,132.0,judge,"And before serving his life sentence, it was the judge' s decree that Olaf be made to suffer every hardship","And before serving his life sentence, it was the male judge' s decree that Olaf be made to suffer every hardship","And before serving his life sentence, it was the female judge' s decree that Olaf be made to suffer every hardship",good,accept,accept,adjective
156,annotator_1,133.0,officer,"Infact, as an officer, I think it' d by my duty... to take my new hero' s daughter out tonight...","Infact, as a male officer, I think it' d by my duty... to take my new hero' s daughter out tonight...","Infact, as a female officer, I think it' d by my duty... to take my new hero' s daughter out tonight...",good,accept,accept,adjective
157,annotator_1,134.0,spectator,"To the absolute disbelief of the spectator, bit by bit you start to hum the tune they are thinking of, and then suddenly you name the selected song!","To the absolute disbelief of the spectator, bit by bit you start to hum the tune he is thinking of, and then suddenly you name the selected song!","To the absolute disbelief of the spectator, bit by bit you start to hum the tune she is thinking of, and then suddenly you name the selected song!",good,accept,accept,pronoun_swap
158,annotator_1,135.0,doctor,"She had a blood disease called Sickle Cell Anemia so when I was young I wanted to be a doctor so I could find a cure… you know, one of those cute dreams kids have.","She had a blood disease called Sickle Cell Anemia so when he was young he wanted to be a doctor so he could find a cure… you know, one of those cute dreams kids have.","She had a blood disease called Sickle Cell Anemia so when she was young she wanted to be a doctor so she could find a cure… you know, one of those cute dreams kids have.",good,accept,accept,pronoun_swap
159,annotator_1,136.0,reader,"A reader reports that this is a good and fairly level walk, and it has some ravines and streams, which always make a hike more fun.","A reader, Mr. Chen, reports that this is a good and fairly level walk, and it has some ravines and streams, which always make a hike more fun.","A reader, Mrs. Chen, reports that this is a good and fairly level walk, and it has some ravines and streams, which always make a hike more fun.",good,accept,accept,title_insertion
160,annotator_1,137.0,buddy,"It' s just not worth it, buddy.","It' s just not worth it, buddy, sir.","It' s just not worth it, buddy, ma'am.",meh,accept,accept,sir_maam
161,annotator_1,138.0,friend,I know you miss your dog and your best friend... but we' re going home tomorrow... and Spot and Scott' il be there waitin 'for you... and everything' s gonna be peachy- pie normal... and just the way it was.,"I know you miss your dog and your best friend, your brother... but we' re going home tomorrow... and Spot and Scott' il be there waitin 'for you... and everything' s gonna be peachy- pie normal... and just the way it was.","I know you miss your dog and your best friend, your sister... but we' re going home tomorrow... and Spot and Scott' il be there waitin 'for you... and everything' s gonna be peachy- pie normal... and just the way it was.",meh,accept,accept,relational_insertion
162,annotator_1,139.0,senior,"And with a lean and a dive, the Rye senior accomplished all three things.","And with a lean and a dive, the Rye senior, Mr. Garcia, accomplished all three things.","And with a lean and a dive, the Rye senior, Mrs. Garcia, accomplished all three things.",good,accept,accept,title_insertion
163,annotator_1,140.0,veteran,"Even if you’re a veteran, you might want a refresher.","Even if you're a veteran, sir, you might want a refresher.","Even if you're a veteran, ma'am, you might want a refresher.",good,accept,accept,sir_maam
164,annotator_1,141.0,clerk,You know I was a military clerk at the headquarters.,You know he was a military clerk at the headquarters.,You know she was a military clerk at the headquarters.,good,accept,accept,pronoun_swap
165,annotator_1,142.0,soldier,"She understood later from her mother that the soldier had snatched away an unexploded pipe bomb from her friend, shouting angrily at her.","She understood later from her mother that the soldier had snatched away an unexploded pipe bomb from her friend, as he shouted angrily at her.","She understood later from her mother that the soldier had snatched away an unexploded pipe bomb from her friend, as she, the soldier, shouted angrily at her.",good,accept,accept,pronoun_insertion
166,annotator_1,143.0,chief,The chief said the Delray department is using a multi-faceted drug enforcement mode that includes “Good Samaritan” laws to encourage people to report adverse drug reactions.,"The chief, Mr. Garcia, said the Delray department is using a multi-faceted drug enforcement mode that includes ""Good Samaritan"" laws to encourage people to report adverse drug reactions.","The chief, Mrs. Garcia, said the Delray department is using a multi-faceted drug enforcement mode that includes ""Good Samaritan"" laws to encourage people to report adverse drug reactions.",good,accept,accept,title_insertion
167,annotator_1,144.0,passenger,"In which case, pray you' re not a passenger.","In which case, pray you' re not a male passenger.","In which case, pray you' re not a female passenger.",good,accept,accept,adjective
168,annotator_1,145.0,physician,I keep in mind being at a health care provider’s office with a broken wrist and the physician telling me my wrist wasn’t damaged.,"I keep in mind being at a health care provider's office with a broken wrist and the physician, Mr. Martinez, telling me my wrist wasn't damaged.","I keep in mind being at a health care provider's office with a broken wrist and the physician, Mrs. Martinez, telling me my wrist wasn't damaged.",good,accept,accept,title_insertion
169,annotator_1,146.0,boss,I' il tell the boss I stopped by to see you.,I' il tell the boss I stopped by to see you — he'll want to know.,I' il tell the boss I stopped by to see you — she'll want to know.,good,accept,reject,unknown
170,annotator_1,,doctor,"Children, the doctor has the medication I told you about.","Children, the doctor has his medication I told you about.","Children, the doctor has her medication I told you about.",bad,reject,accept,pronoun_insertion
171,annotator_1,147.0,officer,You don' t remember assaulting a police officer?,You don' t remember assaulting a policeman?,You don' t remember assaulting a policewoman?,good,accept,accept,referent_swap
172,annotator_1,,inhabitant,"By attention to detail, and drawing on everything we've ever read, seen, learnt or experienced, we strive to produce gardens containing functional spaces that obviously, or often subconsciously, enlighten the experience of the inhabitant.'","By attention to detail, and drawing on everything we've ever read, seen, learnt or experienced, we strive to produce gardens containing functional spaces that obviously, or often subconsciously, enlighten the experience of the inhabitant, Mr. Chen.'","By attention to detail, and drawing on everything we've ever read, seen, learnt or experienced, we strive to produce gardens containing functional spaces that obviously, or often subconsciously, enlighten the experience of the inhabitant, Mrs. Chen.'",bad,reject,accept,title_insertion
173,annotator_1,148.0,economist,How can you tell that this young economist is American?,How can you tell that this young economist is American? — he doesn't look it.,How can you tell that this young economist is American? — she doesn't look it.,good,accept,accept,pronoun_insertion
174,annotator_1,149.0,novelist,"It concentrates on the main features of a budding novelist's following - legibility, driven by clear, neat type.","It concentrates on the main features of a budding novelist's following - legibility, driven by his clear, neat type.","It concentrates on the main features of a budding novelist's following - legibility, driven by her clear, neat type.",meh,accept,accept,pronoun_insertion
175,annotator_1,150.0,chief,"It was during this time that Salim Singh, the Diwan of Jaisalmer, known for his wickedness and immoral tax-collecting methods, set his eyes on the good-looking daughter of the village chief.","It was during this time that Salim Singh, the Diwan of Jaisalmer, known for his wickedness and immoral tax-collecting methods, set his eyes on the good-looking daughter of the male village chief.","It was during this time that Salim Singh, the Diwan of Jaisalmer, known for his wickedness and immoral tax-collecting methods, set his eyes on the good-looking daughter of the female village chief.",good,accept,accept,adjective
176,annotator_1,151.0,homemaker,After working in the travel business I became a full time homemaker about 7 years ago.,After working in the travel business he became a full time homemaker about 7 years ago.,After working in the travel business she became a full time homemaker about 7 years ago.,good,accept,accept,pronoun_swap
177,annotator_1,152.0,receptionist,I rang the TFP number and the receptionist picked up the call.,"I rang the TFP number and the receptionist, Mr. Thompson, picked up the call.","I rang the TFP number and the receptionist, Mrs. Thompson, picked up the call.",good,accept,accept,title_insertion
178,annotator_1,153.0,virgin,"You see, I cannot go home a virgin.","You see, he cannot go home a virgin.","You see, she cannot go home a virgin.",good,accept,accept,pronoun_swap
179,annotator_1,154.0,clerk,"My second wife divorced me, I work a dead end job... as a file clerk.","His second wife divorced him, he works a dead end job... as a file clerk.","Her second wife divorced her, she works a dead end job... as a file clerk.",good,accept,accept,pronoun_swap
180,annotator_1,155.0,idiot,"Now if I hear one more silly made up absolutely bloody rubbish song about poo, then I might just go hunt down the silly idiot who made the stupid YouTube music video and do them some serious damage.","Now if I hear one more silly made up absolutely bloody rubbish song about poo, then I might just go hunt down the silly idiot who made the stupid YouTube music video and do him some serious damage.","Now if I hear one more silly made up absolutely bloody rubbish song about poo, then I might just go hunt down the silly idiot who made the stupid YouTube music video and do her some serious damage.",good,accept,accept,pronoun_swap
181,annotator_1,156.0,director,"You' re a good director, and I' il do anything!","You' re a good director, sir, and I' il do anything!","You' re a good director, ma'am, and I' il do anything!",good,accept,accept,sir_maam
182,annotator_1,157.0,gymnast,"See, I' m a hard- core gymnast.","See, he's a hard- core gymnast.","See, she's a hard- core gymnast.",good,accept,accept,pronoun_swap
183,annotator_1,158.0,driver,I' d love to have you as my co- driver,"I' d love to have you as my co- driver, sir","I' d love to have you as my co- driver, ma'am",good,accept,accept,sir_maam
184,annotator_1,159.0,terrorist,"Much to their surprise they found a terrorist, amidst the ruins, who somehow survived the melee.","Much to their surprise they found a terrorist, amidst the ruins, who had himself somehow survived the melee.","Much to their surprise they found a terrorist, amidst the ruins, who had herself somehow survived the melee.",good,accept,accept,pronoun_insertion
185,annotator_1,160.0,judge,"As one judge said, ""They taste like Christmas.""","As one judge, Mr. Johnson, said, ""They taste like Christmas.""","As one judge, Mrs. Johnson, said, ""They taste like Christmas.""",good,accept,accept,title_insertion
186,annotator_1,161.0,janitor,"Retired 74 year old freelance ""mud diver"", Knocked out of diving by medical problems I became an environmental janitor in 2001, living almost off the grid in North Idaho.","Retired 74 year old freelance ""mud diver"", Knocked out of diving by medical problems he became an environmental janitor in 2001, living almost off the grid in North Idaho.","Retired 74 year old freelance ""mud diver"", Knocked out of diving by medical problems she became an environmental janitor in 2001, living almost off the grid in North Idaho.",good,accept,accept,pronoun_insertion
187,annotator_1,162.0,terrorist,"Perry White, Clark's boss, tries to talk with the terrorist, but is held at gunpoint.","Perry White, Clark's boss, tries to talk with the male terrorist, but is held at gunpoint.","Perry White, Clark's boss, tries to talk with the female terrorist, but is held at gunpoint.",good,accept,accept,adjective
188,annotator_1,163.0,firefighter,"Whether you serve as a police officer or firefighter, your commitment to your job limits the negative impact of crime, fire and naturally-occurring disasters on the citizens of Southern California.","Whether you serve as a police officer or fireman, your commitment to your job limits the negative impact of crime, fire and naturally-occurring disasters on the citizens of Southern California.","Whether you serve as a police officer or firewoman, your commitment to your job limits the negative impact of crime, fire and naturally-occurring disasters on the citizens of Southern California.",good,accept,accept,referent_swap
189,annotator_1,164.0,cheerleader,"That' s right, I am a cheerleader, and you' re a dumb ass.","That' s right, he is a cheerleader, and you' re a dumb ass.","That' s right, she is a cheerleader, and you' re a dumb ass.",good,accept,accept,pronoun_swap
190,annotator_1,165.0,chef,"If you thought that was bad, it was nothing compared to what the chef said.","If you thought that was bad, it was nothing compared to what the chef, Mr. Nguyen, said.","If you thought that was bad, it was nothing compared to what the chef, Mrs. Nguyen, said.",good,accept,accept,title_insertion
191,annotator_1,166.0,winner,"I like you to be sitting up tall and feeling like a winner, already in control of food and alcohol.","I like you to be sitting up tall and feeling like a winner, sir, already in control of food and alcohol.","I like you to be sitting up tall and feeling like a winner, ma'am, already in control of food and alcohol.",good,accept,accept,sir_maam
192,annotator_1,,photographer,I guess I should just teII you...... that Jenna' s decided to go in a different direction...... with a more established photographer.,"I guess I should just teII you...... that Jenna' s decided to go in a different direction...... with a more established photographer, Mr. Martinez.","I guess I should just teII you...... that Jenna' s decided to go in a different direction...... with a more established photographer, Mrs. Martinez.",bad,reject,accept,title_insertion
193,annotator_1,167.0,friend,How thrilled I was when a friend shared this book with me!,"How thrilled I was when a friend, my father, shared this book with me!","How thrilled I was when a friend, my mother, shared this book with me!",meh,accept,accept,relational_insertion
194,annotator_1,168.0,driver,The driver escaped the vehicle when the gates began to go down.,"The driver escaped the vehicle when the gates began to go down, and he ran to safety.","The driver escaped the vehicle when the gates began to go down, and she ran to safety.",good,accept,accept,pronoun_insertion
195,annotator_1,169.0,contributor,If you write for more than one site/blog then add the other url’s in here as well as you can be a contributor for many sites.,"If you write for more than one site/blog then add the other url's in here as well as you can be a contributor, sir, for many sites.","If you write for more than one site/blog then add the other url's in here as well as you can be a contributor, ma'am, for many sites.",good,accept,accept,sir_maam
196,annotator_1,170.0,idiot,"I might be drunk, but I' m not an idiot.","He might be drunk, but he' s not an idiot.","She might be drunk, but she' s not an idiot.",good,accept,accept,pronoun_swap
197,annotator_1,171.0,client,You as a client can complete rely on Bilytica as a partner for the implementation of SAP Financial Solutions.,"You, sir, as a client can complete rely on Bilytica as a partner for the implementation of SAP Financial Solutions.","You, ma'am, as a client can complete rely on Bilytica as a partner for the implementation of SAP Financial Solutions.",good,accept,accept,sir_maam
198,annotator_1,172.0,amateur,"Remember that I AM an amateur, so please consult with your professional investment advisors prior to using this website for investment decisions.","Remember that he IS an amateur, so please consult with your professional investment advisors prior to using this website for investment decisions.","Remember that she IS an amateur, so please consult with your professional investment advisors prior to using this website for investment decisions.",good,accept,accept,pronoun_swap
199,annotator_1,173.0,lover,You come at me like a lover and then you don' t touch me for weeks.,You come at me like a male lover and then you don' t touch me for weeks.,You come at me like a female lover and then you don' t touch me for weeks.,good,accept,accept,adjective
200,annotator_1,174.0,captain,I want to impress upon you once again something the captain said before.,I want to impress upon you once again something the captain said before — he was adamant.,I want to impress upon you once again something the captain said before — she was adamant.,good,accept,accept,pronoun_insertion
201,annotator_1,175.0,clerk,"Is it possible the two defendants entered the store, picked 22 specific items off of the shelves, had the clerk take money, make change, then leave.","Is it possible the two defendants entered the store, picked 22 specific items off of the shelves, had the clerk, Mr. Thompson, take money, make change, then leave.","Is it possible the two defendants entered the store, picked 22 specific items off of the shelves, had the clerk, Mrs. Thompson, take money, make change, then leave.",good,accept,accept,title_insertion
202,annotator_1,176.0,baker,"Some of the figures move – a baker shoving bread into an oven, a woman spinning yarn, another doing laundry..","Some of the figures move – a baker shoving his bread into an oven, a woman spinning yarn, another doing laundry..","Some of the figures move – a baker shoving her bread into an oven, a woman spinning yarn, another doing laundry..",good,accept,accept,pronoun_insertion
203,annotator_1,177.0,designer,"Dating back to the 13th century, Montegridolfo has been stunningly restored thanks to the efforts of a fashion designer.","Dating back to the 13th century, Montegridolfo has been stunningly restored thanks to the efforts of a fashion designer, Mr. Brown.","Dating back to the 13th century, Montegridolfo has been stunningly restored thanks to the efforts of a fashion designer, Mrs. Brown.",good,accept,accept,title_insertion
204,annotator_1,178.0,physician,"At Family Eye Care & Surgery, our physician is committed to providing you with the highest quality eye care.","At Family Eye Care & Surgery, our physician is committed to providing you with his highest quality eye care.","At Family Eye Care & Surgery, our physician is committed to providing you with her highest quality eye care.",good,accept,accept,pronoun_insertion
205,annotator_1,179.0,attendant,Only a bespectacled attendant separated us from a life in the Bahamas.,Only a bespectacled steward separated us from a life in the Bahamas.,Only a bespectacled stewardess separated us from a life in the Bahamas.,good,accept,accept,referent_swap
206,annotator_1,180.0,mechanic,We’re uncertain what hose the mechanic could have been referring to.,"We're uncertain what hose the mechanic, Mr. Davis, could have been referring to.","We're uncertain what hose the mechanic, Mrs. Davis, could have been referring to.",good,accept,accept,title_insertion
207,annotator_1,181.0,photographer,"During the toasts, the photographer caught me winking at Denton.","During the toasts, the photographer, Mr. Chen, caught me winking at Denton.","During the toasts, the photographer, Mrs. Chen, caught me winking at Denton.",good,accept,accept,title_insertion
208,annotator_1,,dealer,Oh well maybe i should talk to the dealer?,"Oh well maybe i should talk to the dealer, my father?","Oh well maybe i should talk to the dealer, my mother?",bad,reject,accept,relational_insertion
209,annotator_1,182.0,writer,"Oh, it' s always nice to meet a writer.","Oh, it' s always nice to meet a writer, sir.","Oh, it' s always nice to meet a writer, ma'am.",meh,accept,accept,sir_maam
210,annotator_1,183.0,client,My client wants the public to know the truth.,"My client, my nephew, wants the public to know the truth.","My client, my niece, wants the public to know the truth.",good,accept,accept,relational_insertion
211,annotator_1,184.0,idiot,I told them you hit your head and you are a wandering idiot.,"I told them you hit your head and you are a wandering idiot, sir.","I told them you hit your head and you are a wandering idiot, ma'am.",good,accept,accept,sir_maam
212,annotator_1,185.0,homemaker,"Yes, I wanted to be a teacher, but I also wanted to be a full-time homemaker.","Yes, he wanted to be a teacher, but he also wanted to be a full-time homemaker.","Yes, she wanted to be a teacher, but she also wanted to be a full-time homemaker.",good,accept,accept,pronoun_swap
213,annotator_1,186.0,organizer,As an organizer I didn’t have the privilege to sit back and put all my attention to the amazing contents being presented by the experts.,As an organizer he didn't have the privilege to sit back and put all his attention to the amazing contents being presented by the experts.,As an organizer she didn't have the privilege to sit back and put all her attention to the amazing contents being presented by the experts.,good,accept,accept,pronoun_swap
214,annotator_1,187.0,champion,"The champion was presented with a trophy, as well as a Longines timepiece.","The champion was presented with a trophy, as well as a Longines timepiece, which he held up proudly.","The champion was presented with a trophy, as well as a Longines timepiece, which she held up proudly.",good,accept,accept,pronoun_insertion
215,annotator_1,188.0,nomad,"This will be my first year as a nomad, which will also be an interesting departure from my current life.","This will be his first year as a nomad, which will also be an interesting departure from his current life.","This will be her first year as a nomad, which will also be an interesting departure from her current life.",good,accept,accept,pronoun_swap
216,annotator_1,189.0,local,A local told me it was a place called Koko King and all I can find is a Facebook page.,"A local, Mr. Martinez, told me it was a place called Koko King and all I can find is a Facebook page.","A local, Mrs. Martinez, told me it was a place called Koko King and all I can find is a Facebook page.",good,accept,accept,title_insertion
217,annotator_1,190.0,visitor,And then one day...... they said I was going to have a very special visitor.,And then one day...... they said I was going to have a very special male visitor.,And then one day...... they said I was going to have a very special female visitor.,good,accept,accept,adjective
218,annotator_1,,nanny,Following are some hints which will permit you to frame the ideal recommendation letter to your family’s beloved nanny.,"Following are some hints which will permit you to frame the ideal recommendation letter to your family's beloved nanny, Mr. Davis.","Following are some hints which will permit you to frame the ideal recommendation letter to your family's beloved nanny, Mrs. Davis.",bad,reject,accept,title_insertion
219,annotator_1,191.0,citizen,"Last I checked, you' re an American citizen.","Last I checked, you' re an American citizen, sir.","Last I checked, you' re an American citizen, ma'am.",good,accept,accept,sir_maam
220,annotator_1,192.0,programmer,Well you might have heared of it a tool from a Russian programmer where you can validate your windows seven product key.,Well you might have heared of it a tool from a Russian male programmer where you can validate your windows seven product key.,Well you might have heared of it a tool from a Russian female programmer where you can validate your windows seven product key.,good,accept,accept,adjective
221,annotator_1,193.0,roommate,My... my roommate' s boyfriend knows him.,My... my male roommate' s boyfriend knows him.,My... my female roommate' s boyfriend knows him.,good,accept,accept,adjective
222,annotator_1,194.0,partner,"All right, partner, let' s see what you can do.","All right, boyfriend, let' s see what you can do.","All right, girlfriend, let' s see what you can do.",good,accept,accept,referent_swap
223,annotator_1,195.0,opponent,"It was my opponent’s turn to defend, however I delayed for a moment in administering the attack.","It was my opponent's turn to defend, however I delayed for a moment in administering the attack against him.","It was my opponent's turn to defend, however I delayed for a moment in administering the attack against her.",good,accept,accept,pronoun_insertion
224,annotator_1,196.0,employee,"Long ago as a bank employee, I had difficulty telling every person I met that the only option I had, was what was best for them.","Long ago as a bank employee, he had difficulty telling every person he met that the only option he had, was what was best for them.","Long ago as a bank employee, she had difficulty telling every person she met that the only option she had, was what was best for them.",good,accept,accept,pronoun_swap
225,annotator_1,197.0,athlete,I found your body was badly damaged by radiation and your body is just like a top athlete how did that happen?,I found your body was badly damaged by radiation and your body is just like a top male athlete how did that happen?,I found your body was badly damaged by radiation and your body is just like a top female athlete how did that happen?,good,accept,accept,adjective
226,annotator_1,,opponent,"Secondly, when you finish the single player version, you will definitely try the multiplayer, but time will come the game gets confusing, as you cannot choose who your opponent will be.","Secondly, when you finish the single player version, you will definitely try the multiplayer, but time will come the game gets confusing, as you cannot choose who your opponent, Mr. Nguyen, will be.","Secondly, when you finish the single player version, you will definitely try the multiplayer, but time will come the game gets confusing, as you cannot choose who your opponent, Mrs. Nguyen, will be.",bad,reject,accept,title_insertion
227,annotator_1,198.0,dealer,I haven't heard a lot of good about that dealer.,"I haven't heard a lot of good about that dealer, my uncle.","I haven't heard a lot of good about that dealer, my aunt.",good,accept,accept,relational_insertion
228,annotator_1,199.0,student,"As a student, you can adjust it to meet your needs e.g. colour, fonts, and the overall view.","As a student, sir, you can adjust it to meet your needs e.g. colour, fonts, and the overall view.","As a student, ma'am, you can adjust it to meet your needs e.g. colour, fonts, and the overall view.",good,accept,accept,sir_maam
229,annotator_1,200.0,farmer,"The Cow Story – The farmer has gone to town for the afternoon, and the cow and the roaster can play however they want.","The Cow Story – The farmer has gone to town for the afternoon, and the cow and the roaster can play however they want until he returns.","The Cow Story – The farmer has gone to town for the afternoon, and the cow and the roaster can play however they want until she returns.",good,accept,accept,pronoun_insertion
230,annotator_1,201.0,accountant,You may think that you and your accountant have a grip on these changes.,"You may think that you and your accountant, Mr. Davis, have a grip on these changes.","You may think that you and your accountant, Mrs. Davis, have a grip on these changes.",meh,accept,accept,title_insertion
231,annotator_1,202.0,friend,"Ben, why don' t you make your friend some coffee.","Ben, why don' t you make your friend, your brother, some coffee.","Ben, why don' t you make your friend, your sister, some coffee.",good,accept,accept,relational_insertion
232,annotator_1,203.0,patient,"From the hospital, where I care for dying syphilitics, a patient sends you this.","From the hospital, where I care for dying syphilitics, a patient, my uncle, sends you this.","From the hospital, where I care for dying syphilitics, a patient, my aunt, sends you this.",good,accept,accept,relational_insertion
233,annotator_1,204.0,captain,"I hope you' il forgive me, captain.","I hope you' il forgive me, captain, sir.","I hope you' il forgive me, captain, ma'am.",meh,accept,accept,sir_maam
234,annotator_1,,coordinator,We’ll work with your in-house webmaster or marketing coordinator to make sure the site is easily updated and constantly monitored.,"We'll work with your in-house webmaster or marketing coordinator, Mr. Garcia, to make sure the site is easily updated and constantly monitored.","We'll work with your in-house webmaster or marketing coordinator, Mrs. Garcia, to make sure the site is easily updated and constantly monitored.",bad,reject,accept,title_insertion
235,annotator_1,205.0,buddy,"I' m glad you' re my ""buddy.""","I' m glad you' re my ""buddy,"" sir.","I' m glad you' re my ""buddy,"" ma'am.",good,accept,accept,sir_maam
236,annotator_1,206.0,counselor,I' m a post- trauma counselor for the sheriff' s department.,He's a post- trauma counselor for the sheriff' s department.,She's a post- trauma counselor for the sheriff' s department.,good,accept,accept,pronoun_swap
237,annotator_1,207.0,philosopher,"The skeptical Scottish philosopher critiques government and the early social critics of capitalism (""socialists"", such as Robert Owen and Saint-Simon).","The skeptical Scottish philosopher, Mr. Thompson, critiques government and the early social critics of capitalism (""socialists"", such as Robert Owen and Saint-Simon).","The skeptical Scottish philosopher, Mrs. Thompson, critiques government and the early social critics of capitalism (""socialists"", such as Robert Owen and Saint-Simon).",good,accept,accept,title_insertion
238,annotator_1,208.0,manager,"Once you’ve decided which bank to work with and it’s time to get the ball rolling, you should share your business plan, insights about your industry, and your business goals with your relationship manager.","Once you've decided which bank to work with and it's time to get the ball rolling, you should share your business plan, insights about your industry, and your business goals with your relationship manager, Mr. Nguyen.","Once you've decided which bank to work with and it's time to get the ball rolling, you should share your business plan, insights about your industry, and your business goals with your relationship manager, Mrs. Nguyen.",meh,accept,accept,title_insertion
239,annotator_1,209.0,detective,Are you sure you' re not a private detective disguised as an intern?,"Are you sure you' re not a private detective disguised as an intern, sir?","Are you sure you' re not a private detective disguised as an intern, ma'am?",good,accept,accept,sir_maam
240,annotator_1,210.0,dancer,"You can purchase these genuine FireWorks toys for yourself direct from us, whether you're a budding fire dancer or a hard-core professional.","You can purchase these genuine FireWorks toys for yourself direct from us, whether you're a budding fire dancer or a hard-core professional, sir.","You can purchase these genuine FireWorks toys for yourself direct from us, whether you're a budding fire dancer or a hard-core professional, ma'am.",good,accept,accept,sir_maam
241,annotator_1,211.0,journalist,As a freelance entertainment journalist/writer/hack you can tell how valuable an actor’s time is – at least to the studio offering him up for interview – by the amount of time you are given with him.,"As a freelance entertainment journalist/writer/hack, sir, you can tell how valuable an actor's time is – at least to the studio offering him up for interview – by the amount of time you are given with him.","As a freelance entertainment journalist/writer/hack, ma'am, you can tell how valuable an actor's time is – at least to the studio offering him up for interview – by the amount of time you are given with him.",good,accept,accept,sir_maam
242,annotator_1,212.0,warrior,Why don' t we do it where you play the samurai warrior?,"Why don' t we do it where you play the samurai warrior, sir?","Why don' t we do it where you play the samurai warrior, ma'am?",good,accept,accept,sir_maam
243,annotator_1,213.0,activist,"In this sense, I am not at all an activist or promoting any specific political concept.","In this sense, he is not at all an activist or promoting any specific political concept.","In this sense, she is not at all an activist or promoting any specific political concept.",good,accept,accept,pronoun_swap
244,annotator_1,214.0,associate,Ask your sales associate for custom pricing and options.,Ask your male sales associate for custom pricing and options.,Ask your female sales associate for custom pricing and options.,good,accept,accept,adjective
245,annotator_1,215.0,guard,Now we' ve got a security guard with a skull fracture.,Now we' ve got a male security guard with a skull fracture.,Now we' ve got a female security guard with a skull fracture.,good,accept,accept,adjective
246,annotator_1,216.0,poet,"Here is our comrade Mario Ruoppolo, who will read you a poem which he dedicated... to the great poet who is known to us all...","Here is our comrade Mario Ruoppolo, who will read you a poem which he dedicated... to the great poet, Mr. Garcia, who is known to us all...","Here is our comrade Mario Ruoppolo, who will read you a poem which he dedicated... to the great poet, Mrs. Garcia, who is known to us all...",good,accept,accept,title_insertion
247,annotator_1,217.0,influencer,"Back in April 2014, we partnered with a very popular YouTube beauty influencer on a makeup brush collection.","Back in April 2014, we partnered with a very popular YouTube beauty influencer on his makeup brush collection.","Back in April 2014, we partnered with a very popular YouTube beauty influencer on her makeup brush collection.",good,accept,accept,pronoun_insertion
248,annotator_1,218.0,client,"I' m sorry to interrupt, Ms. Woods, but are you suggesting that because the number is so large, your client is entitled to more than was agreed upon in the prenup?","I' m sorry to interrupt, Ms. Woods, but are you suggesting that because the number is so large, your client, Mr. Patel, is entitled to more than was agreed upon in the prenup?","I' m sorry to interrupt, Ms. Woods, but are you suggesting that because the number is so large, your client, Mrs. Patel, is entitled to more than was agreed upon in the prenup?",good,accept,accept,title_insertion
249,annotator_1,219.0,baker,"Don't turn your back on your own neighbors, especially if one of them happens to be a professional baker.","Don't turn your back on your own neighbors, especially if one of them happens to be a professional baker and he takes his craft seriously.","Don't turn your back on your own neighbors, especially if one of them happens to be a professional baker and she takes her craft seriously.",good,accept,accept,pronoun_insertion
250,annotator_1,220.0,customer,"Wait, l"" m on my last customer.","Wait, l"" m on my last customer, let me finish with him.","Wait, l"" m on my last customer, let me finish with her.",good,accept,accept,pronoun_insertion
251,annotator_1,221.0,captain,"But now that he' s dead, I got to be the captain.","But now that he' s dead, I got to be the captain, like a brother to the crew.","But now that he' s dead, I got to be the captain, like a sister to the crew.",meh,accept,accept,relational_insertion
252,annotator_1,222.0,partner,Don' t embarrass me in front of my partner.,Don' t embarrass me in front of my boyfriend.,Don' t embarrass me in front of my girlfriend.,good,accept,accept,referent_swap
253,annotator_1,223.0,author,"With the help of a determined protagonist, the author tells a touching love story in the context of consumer-driven economic development.","With the help of a determined protagonist, the author tells his touching love story in the context of consumer-driven economic development.","With the help of a determined protagonist, the author tells her touching love story in the context of consumer-driven economic development.",good,accept,accept,pronoun_insertion
254,annotator_2,224.0,athlete,I’ve been an athlete since 7th grade track and I don’t think I have ever had anything that just flat out won’t heal.,I've been a male athlete since 7th grade track and I don't think I have ever had anything that just flat out won't heal.,I've been a female athlete since 7th grade track and I don't think I have ever had anything that just flat out won't heal.,good,accept,accept,adjective
255,annotator_2,225.0,coach,"I' m sure I feared your coach had overset itself, or you had been attacked by robbers!","I' m sure I feared your coach, Mr. Davis, had overset itself, or you had been attacked by robbers!","I' m sure I feared your coach, Mrs. Davis, had overset itself, or you had been attacked by robbers!",good,accept,reject,unknown
256,annotator_2,226.0,member,We are proud to be an active member of this community.,He is proud to be an active member of this community.,She is proud to be an active member of this community.,good,accept,accept,pronoun_swap
257,annotator_2,227.0,customer,I need an address on a customer of yours.,I need an address on a male customer of yours.,I need an address on a female customer of yours.,good,accept,accept,adjective
258,annotator_2,228.0,contributor,"Whether you’re a hopeful magazine contributor or looking to improve on your SEO or hoping to get funding for your startup, it’s all about being authentic.","Whether you're a hopeful magazine contributor or looking to improve on your SEO or hoping to get funding for your startup, sir, it's all about being authentic.","Whether you're a hopeful magazine contributor or looking to improve on your SEO or hoping to get funding for your startup, ma'am, it's all about being authentic.",good,accept,accept,sir_maam
259,annotator_2,229.0,photographer,I bet you' re not the youngest photographer in town.,I bet you' re not the youngest male photographer in town.,I bet you' re not the youngest female photographer in town.,good,accept,accept,adjective
260,annotator_2,230.0,philosopher,I am a philosopher of science with a PhD in History and Philosophy of Science from the University of Pittsburgh (1984).,He is a philosopher of science with a PhD in History and Philosophy of Science from the University of Pittsburgh (1984).,She is a philosopher of science with a PhD in History and Philosophy of Science from the University of Pittsburgh (1984).,good,accept,accept,pronoun_swap
261,annotator_2,231.0,cook,I' m a much better cook than I am a hairstylist.,He' s a much better cook than he is a hairstylist.,She' s a much better cook than she is a hairstylist.,good,accept,accept,pronoun_swap
262,annotator_2,232.0,colleague,"My colleague has just handed me a weather report, and it looks as if the possibility of rain... which was previously forecast... will shortly be upon us.","My colleague, my uncle, has just handed me a weather report, and it looks as if the possibility of rain... which was previously forecast... will shortly be upon us.","My colleague, my aunt, has just handed me a weather report, and it looks as if the possibility of rain... which was previously forecast... will shortly be upon us.",good,accept,accept,relational_insertion
263,annotator_2,233.0,detective,"According to a police detective, officers arrived at the home of the alleged shooter and found the man’s wife dead of gunshot wounds.","According to a police detective, Mr. Brown, officers arrived at the home of the alleged shooter and found the man's wife dead of gunshot wounds.","According to a police detective, Mrs. Brown, officers arrived at the home of the alleged shooter and found the man's wife dead of gunshot wounds.",good,accept,accept,title_insertion
264,annotator_2,234.0,boss,"You don' t like it, take it up with your boss.","You don' t like it, take it up with your boss, Mr. Martinez.","You don' t like it, take it up with your boss, Mrs. Martinez.",good,accept,accept,title_insertion
265,annotator_2,235.0,soldier,So Toots and Johnny picked up a young soldier.,"So Toots and Johnny picked up a young soldier, their nephew.","So Toots and Johnny picked up a young soldier, their niece.",good,accept,accept,relational_insertion
266,annotator_2,236.0,driver,I was just getting a pep talk from my driver.,"I was just getting a pep talk from him, my driver.","I was just getting a pep talk from her, my driver.",good,accept,accept,pronoun_insertion
267,annotator_2,237.0,student,Contact MTE today to inquire about PSAT or ACT and SAT math prep review for your student.,Contact MTE today to inquire about PSAT or ACT and SAT math prep review for your male student.,Contact MTE today to inquire about PSAT or ACT and SAT math prep review for your female student.,meh,accept,accept,adjective
268,annotator_2,238.0,teacher,"Alternatively, you can request your teacher to explain it to you again in simpler terms.","Alternatively, you can request your teacher to explain it to you again in simpler terms, as he may be happy to help.","Alternatively, you can request your teacher to explain it to you again in simpler terms, as she may be happy to help.",good,accept,accept,pronoun_insertion
269,annotator_2,239.0,assistant,Bearly News had asked the shaky archives assistant who logged into the computer for us.,"Bearly News had asked the shaky archives assistant, Mr. Chen, who logged into the computer for us.","Bearly News had asked the shaky archives assistant, Mrs. Chen, who logged into the computer for us.",good,accept,accept,title_insertion
270,annotator_2,240.0,master,"See if you can raise the yard master, will ya?","See if you can raise the yard master, get him on the line, will ya?","See if you can raise the yard master, get her on the line, will ya?",good,accept,accept,pronoun_insertion
271,annotator_2,241.0,bystander,I modelled to my children how not to be a bystander.,"I modelled to my children how not to be a bystander, Mr. Chen told us.","I modelled to my children how not to be a bystander, Mrs. Chen told us.",good,accept,reject,title_insertion
272,annotator_2,242.0,student,"That' s it, well done my student!","That' s it, well done my student, good lad!","That' s it, well done my student, good lass!",good,accept,accept,context_modifier
273,annotator_2,243.0,player,The penniless sitar player' s sitar is magical.,"The penniless sitar player' s sitar is magical, and he treasures it dearly.","The penniless sitar player' s sitar is magical, and she treasures it dearly.",good,accept,accept,pronoun_insertion
274,annotator_2,244.0,roommate,All because my roommate handed me this little book called The Hunt for Red October right before final exam week.,"All because my roommate, my brother, handed me this little book called The Hunt for Red October right before final exam week.","All because my roommate, my sister, handed me this little book called The Hunt for Red October right before final exam week.",good,accept,accept,relational_insertion
275,annotator_2,245.0,professional,"Fairly, you and your health care professional can solve if Finasteride or another medicament is appropriate for you.","Fairly, you and your health care professional, Mr. Brown, can solve if Finasteride or another medicament is appropriate for you.","Fairly, you and your health care professional, Mrs. Brown, can solve if Finasteride or another medicament is appropriate for you.",good,accept,accept,title_insertion
276,annotator_2,,secretary,I would only have my secretary call the insurance agency and laugh about it.,"I would only have my secretary call the insurance agency and laugh about it, Mr. Martinez being quite amused.","I would only have my secretary call the insurance agency and laugh about it, Mrs. Martinez being quite amused.",bad,reject,accept,title_insertion
277,annotator_2,246.0,captain,"Major, send some of our man to keep an eye on our good captain.","Major, send some of our man to keep an eye on our good captain, Mr. Smith.","Major, send some of our man to keep an eye on our good captain, Mrs. Smith.",good,accept,accept,title_insertion
278,annotator_2,247.0,coach,"Honey, come on, the kids need a real coach.","Honey, come on, the kids need a real coach, a man who knows the game.","Honey, come on, the kids need a real coach, a woman who knows the game.",good,accept,accept,context_modifier
279,annotator_2,248.0,activist,"This community is a group in which I have gathered artists who have the same goal, so some people would say that I am also an activist.","This community is a group in which he has gathered artists who have the same goal, so some people would say that he is also an activist.","This community is a group in which she has gathered artists who have the same goal, so some people would say that she is also an activist.",good,accept,accept,pronoun_swap
280,annotator_2,,master,I am the new ruler of this world...... the master of humans and Pokémon alike.,I am the new ruler of this world...... the master of humans and Pokémon alike.,I am the new ruler of this world...... the mistress of humans and Pokémon alike.,bad,reject,accept,referent_swap
281,annotator_2,249.0,virgin,"I' m still a virgin, still alive - thanks to you.","He' s still a virgin, still alive - thanks to you.","She' s still a virgin, still alive - thanks to you.",good,accept,accept,pronoun_swap
282,annotator_2,250.0,chief,"Did you ever think that after ten years you would be the chief of anything let alone cybersecurity, and for a financial institution?","Did you ever think that after ten years you would be the chief of anything let alone cybersecurity, and for a financial institution, sir?","Did you ever think that after ten years you would be the chief of anything let alone cybersecurity, and for a financial institution, ma'am?",good,accept,accept,sir_maam
283,annotator_2,251.0,teen,"However, this product is not designed to teach your teen everything they need to know in order to become a safe driver.","However, this product is not designed to teach your teen everything he needs to know in order to become a safe driver.","However, this product is not designed to teach your teen everything she needs to know in order to become a safe driver.",good,accept,accept,pronoun_swap
284,annotator_2,252.0,client,You will be introduced to your client before you start caring for them.,You will be introduced to your client before you start caring for him.,You will be introduced to your client before you start caring for her.,good,accept,accept,pronoun_swap
285,annotator_2,,chef,"Do a little chef, a little driving, party planning...... whatever the man needs.","Do a little chef, a little driving, party planning...... whatever he needs.","Do a little chef, a little driving, party planning...... whatever she needs.",bad,reject,reject,combination
286,annotator_2,253.0,entrepreneur,"Startup life cycle typically starts with you, as an entrepreneur and founder, having an idea for Carpooling script that can either solve an existing problem or it could be of adapting another successful business model to cover the uncapped market.","Startup life cycle typically starts with you, sir, as an entrepreneur and founder, having an idea for Carpooling script that can either solve an existing problem or it could be of adapting another successful business model to cover the uncapped market.","Startup life cycle typically starts with you, ma'am, as an entrepreneur and founder, having an idea for Carpooling script that can either solve an existing problem or it could be of adapting another successful business model to cover the uncapped market.",good,accept,accept,sir_maam
287,annotator_2,254.0,director,Maybe he is an imposter and maybe the director found out about it.,"Maybe he is an imposter and maybe the director, Mr. Brown, found out about it.","Maybe he is an imposter and maybe the director, Mrs. Brown, found out about it.",good,accept,accept,title_insertion
288,annotator_2,255.0,friend,"You' re my best friend, and I have been keeping all this stuff from you.","You' re my best friend, sir, and I have been keeping all this stuff from you.","You' re my best friend, ma' am, and I have been keeping all this stuff from you.",meh,accept,accept,sir_maam
289,annotator_2,256.0,scientist,"Fine scientist you are, getting squeamish about doping a fish.","Fine scientist you are, sir, getting squeamish about doping a fish.","Fine scientist you are, ma'am, getting squeamish about doping a fish.",good,accept,accept,sir_maam
290,annotator_2,257.0,journalist,"As a journalist, I should get to know the city that I' m covering.","As a journalist, he should get to know the city that he' s covering.","As a journalist, she should get to know the city that she' s covering.",good,accept,accept,pronoun_swap
291,annotator_2,258.0,entrepreneur,"In the long term, as an engineer-entrepreneur, I dream of having the opportunity to bring to market one of the many inventions that have been bouncing around in my head for years.","In the long term, as an engineer-entrepreneur, he dreams of having the opportunity to bring to market one of the many inventions that have been bouncing around in his head for years.","In the long term, as an engineer-entrepreneur, she dreams of having the opportunity to bring to market one of the many inventions that have been bouncing around in her head for years.",good,accept,accept,pronoun_swap
292,annotator_2,259.0,winner,And this year' s winner belonged to that company.,"And this year' s winner belonged to that company, and he was very proud.","And this year' s winner belonged to that company, and she was very proud.",good,accept,accept,pronoun_insertion
293,annotator_2,260.0,dancer,"It was okay when I was a dancer, but he doesn' t really care for gardening.","It was okay when he was a dancer, but he doesn' t really care for gardening.","It was okay when she was a dancer, but he doesn' t really care for gardening.",good,accept,accept,pronoun_swap
294,annotator_2,261.0,adult,It is time for you to become a spiritual adult while of the earth.,"It is time for you to become a spiritual adult while of the earth, sir.","It is time for you to become a spiritual adult while of the earth, ma'am.",good,accept,accept,sir_maam
295,annotator_2,262.0,bystander,I couldn’t stay inside and watch something awful happen like a helpless bystander—not this time.,"I couldn't stay inside and watch something awful happen like a helpless bystander, some guy—not this time.","I couldn't stay inside and watch something awful happen like a helpless bystander, some girl—not this time.",good,accept,accept,context_modifier
296,annotator_2,263.0,model,If you weren' t so skinny you could be a model.,If you weren' t so skinny you could be a male model.,If you weren' t so skinny you could be a female model.,good,accept,accept,adjective
297,annotator_2,264.0,photographer,"I' m not really much of a photographer, but I' d say they turned out okay.","He' s not really much of a photographer, but he' d say they turned out okay.","She' s not really much of a photographer, but she' d say they turned out okay.",good,accept,accept,pronoun_swap
298,annotator_2,265.0,leader,Write down any questions that you have and make sure to bring these up with your Christian religious leader.,"Write down any questions that you have and make sure to bring these up with your Christian religious leader, Mr. Nguyen.","Write down any questions that you have and make sure to bring these up with your Christian religious leader, Mrs. Nguyen.",good,accept,accept,title_insertion
299,annotator_2,266.0,captain,I just took them offa captain from the 251 st yesterday.,"I just took them offa him, a captain from the 251 st yesterday.","I just took them offa her, a captain from the 251 st yesterday.",good,accept,accept,pronoun_insertion
300,annotator_2,267.0,client,My client says there are two more bodies hidden away.,"My client says there are two more bodies hidden away, and he wants them found.","My client says there are two more bodies hidden away, and she wants them found.",good,accept,accept,pronoun_insertion
301,annotator_2,268.0,tailor,The story of ‘Tea’ is about a six hundred year old werewolf having tea with a seventy year old gay tailor.,"The story of 'Tea' is about a six hundred year old werewolf having tea with a seventy year old gay tailor, Mr. Smith.","The story of 'Tea' is about a six hundred year old werewolf having tea with a seventy year old gay tailor, Mrs. Smith.",good,accept,accept,title_insertion
302,annotator_2,269.0,acquaintance,"However, one day an acquaintance of mine tweeted a snarky 4 word summary of the libertarian philosophy as “I am an Island”.","However, one day an acquaintance of mine, my uncle, tweeted a snarky 4 word summary of the libertarian philosophy as ""I am an Island"".","However, one day an acquaintance of mine, my aunt, tweeted a snarky 4 word summary of the libertarian philosophy as ""I am an Island"".",meh,accept,accept,relational_insertion
303,annotator_2,270.0,idiot,"Curse you for breathing, you slack jawed idiot!","Curse you for breathing, you slack jawed idiot, sir!","Curse you for breathing, you slack jawed idiot, ma'am!",good,accept,accept,sir_maam
304,annotator_2,271.0,florist,I cannot take responsibility for any damage rendered to the cake caused by a floral arrangement that was implemented by your florist.,"I cannot take responsibility for any damage rendered to the cake caused by a floral arrangement that was implemented by your florist, Mr. Garcia.","I cannot take responsibility for any damage rendered to the cake caused by a floral arrangement that was implemented by your florist, Mrs. Garcia.",good,accept,accept,title_insertion
305,annotator_2,272.0,janitor,The unattractive opponent was 33-year old janitor.,The unattractive opponent was 33-year old male janitor.,The unattractive opponent was 33-year old female janitor.,good,accept,accept,adjective
306,annotator_2,273.0,soldier,Two militants and a soldier died in Kulgam while a militant was killed in Rishipora Tral area of Pulwama district.,Two militants and a male soldier died in Kulgam while a militant was killed in Rishipora Tral area of Pulwama district.,Two militants and a female soldier died in Kulgam while a militant was killed in Rishipora Tral area of Pulwama district.,good,accept,accept,adjective
307,annotator_2,274.0,neighbor,I got to go shoot my next- door neighbor... for a parking space.,"I got to go shoot my next- door neighbor, my uncle, for a parking space.","I got to go shoot my next- door neighbor, my aunt, for a parking space.",good,accept,accept,relational_insertion
308,annotator_2,275.0,cashier,The commander' s cashier will pay a reward for each Red killed amounting to 100 Eastern rubles.,"The commander' s cashier, Mr. Patel, will pay a reward for each Red killed amounting to 100 Eastern rubles.","The commander' s cashier, Mrs. Patel, will pay a reward for each Red killed amounting to 100 Eastern rubles.",good,accept,accept,title_insertion
309,annotator_2,276.0,guard,You can join a trade wagon as a guard.,"You can join a trade wagon as a guard, sir.","You can join a trade wagon as a guard, ma'am.",good,accept,accept,sir_maam
310,annotator_2,277.0,economist,I try to follow what goes on in experimental economics although I am not an economist.,I try to follow what goes on in experimental economics although I am not a male economist.,I try to follow what goes on in experimental economics although I am not a female economist.,meh,accept,accept,adjective
311,annotator_2,278.0,colleague,Develop your own thesis statement that began in 220 the us equivalent is the first book of blasphemous words is a neighbour colleague who lives next door now with questions that will furnish ideas for a point about lectures.,"Develop your own thesis statement that began in 220 the us equivalent is the first book of blasphemous words is a neighbour colleague, Mr. Brown, who lives next door now with questions that will furnish ideas for the point about lectures.","Develop your own thesis statement that began in 220 the us equivalent is the first book of blasphemous words is a neighbour colleague, Mrs. Brown, who lives next door now with questions that will furnish ideas for the point about lectures.",good,accept,reject,title_insertion
312,annotator_2,279.0,firefighter,"According to Johannesburg Emergency Services (EMS) spokesperson Nana Radebe, the firefighter “tripped and fell” on Wednesday morning while attempting to put out the blaze on the building’s 23rd floor.","According to Johannesburg Emergency Services (EMS) spokesperson Nana Radebe, the fireman ""tripped and fell"" on Wednesday morning while attempting to put out the blaze on the building's 23rd floor.","According to Johannesburg Emergency Services (EMS) spokesperson Nana Radebe, the firewoman ""tripped and fell"" on Wednesday morning while attempting to put out the blaze on the building's 23rd floor.",good,accept,accept,referent_swap
313,annotator_2,280.0,tourist,"Even if you’re just there as a tourist, you’re going to notice the dedication and obsession with learning.","Even if you're just there as a tourist, sir, you're going to notice the dedication and obsession with learning.","Even if you're just there as a tourist, ma'am, you're going to notice the dedication and obsession with learning.",good,accept,accept,sir_maam
314,annotator_2,281.0,captain,"So to get injured for such a long time is hard to take,” said the captain in the latest edition of the official Liverpool FC magazine.","So to get injured for such a long time is hard to take,"" said the captain, Mr. Davis, in the latest edition of the official Liverpool FC magazine.","So to get injured for such a long time is hard to take,"" said the captain, Mrs. Davis, in the latest edition of the official Liverpool FC magazine.",good,accept,accept,title_insertion
315,annotator_2,282.0,superior,If you are under any state probation or payroll I need you to inform your superior or manager what you have done in the past and what would be the consequences once the case has been downloaded and executed in your name.,"If you are under any state probation or payroll I need you to inform your superior, Mr. Chen, or manager what you have done in the past and what would be the consequences once the case has been downloaded and executed in your name.","If you are under any state probation or payroll I need you to inform your superior, Mrs. Chen, or manager what you have done in the past and what would be the consequences once the case has been downloaded and executed in your name.",good,accept,accept,title_insertion
316,annotator_2,283.0,dealer,Let' s go now to the fucking dealer.,"Let' s go now to the fucking dealer, that guy.","Let' s go now to the fucking dealer, that woman.",meh,accept,accept,context_modifier
317,annotator_2,284.0,engineer,"God, I just wanna be able to say, ""I wanna be a teacher,"" you know, or a podiatrist or a fucking electricaI engineer.","God, I just wanna be able to say, ""I wanna be a teacher,"" you know, or a podiatrist or a fucking male electricaI engineer.","God, I just wanna be able to say, ""I wanna be a teacher,"" you know, or a podiatrist or a fucking female electricaI engineer.",meh,accept,accept,adjective
318,annotator_2,285.0,chief,"The areal velocity is a former editor in chief of the photographic exhibition, which opened possibilities up for their front and rear wheels of a ball at the boston art community, however, was blurred in turn may increase the intensity equal to.","The areal velocity is a former editor in chief of the photographic exhibition, which opened possibilities up for his front and rear wheels of a ball at the boston art community, however, was blurred in turn may increase the intensity equal to.","The areal velocity is a former editor in chief of the photographic exhibition, which opened possibilities up for her front and rear wheels of a ball at the boston art community, however, was blurred in turn may increase the intensity equal to.",good,accept,reject,pronoun_swap
319,annotator_2,286.0,terrorist,"If I' m a terrorist, what' s my primary target down there?","If I' m a male terrorist, what' s my primary target down there?","If I' m a female terrorist, what' s my primary target down there?",good,accept,accept,adjective
320,annotator_2,287.0,nanny,You can sign up for free as a nanny!,"You can sign up for free as a nanny, sir!","You can sign up for free as a nanny, ma'am!",good,accept,accept,sir_maam
321,annotator_2,288.0,champion,Guess you must be the fout- doot fist champion.,"Guess you must be the fout- doot fist champion, sir.","Guess you must be the fout- doot fist champion, ma'am.",good,accept,accept,sir_maam
322,annotator_2,289.0,engineer,Bill received 2006 GAP Award funding to help defray the cost of mixing sessions with a studio engineer.,"Bill received 2006 GAP Award funding to help defray the cost of mixing sessions with a studio engineer, Mr. Nguyen.","Bill received 2006 GAP Award funding to help defray the cost of mixing sessions with a studio engineer, Mrs. Nguyen.",good,accept,accept,title_insertion
323,annotator_2,290.0,resident,"Being a resident of the area, you need not worry about a thing as now you have got the ultimate services of New Brighton NY Locksmith Store by your side!","Being a resident of the area, sir, you need not worry about a thing as now you have got the ultimate services of New Brighton NY Locksmith Store by your side!","Being a resident of the area, ma'am, you need not worry about a thing as now you have got the ultimate services of New Brighton NY Locksmith Store by your side!",good,accept,accept,sir_maam
324,annotator_2,291.0,neighbor,I bet your neighbor can´t drive the baII 400 yards.,"I bet your neighbor, that gentleman, can´t drive the baII 400 yards.","I bet your neighbor, that lady, can´t drive the baII 400 yards.",good,accept,accept,context_modifier
325,annotator_2,292.0,bookkeeper,This phrase is a verbal picture of a bookkeeper writing down numbers in a ledger to keep an exact account and then watching the account.,"This phrase is a verbal picture of a bookkeeper, Mr. Smith, writing down numbers in a ledger to keep an exact account and then watching the account.","This phrase is a verbal picture of a bookkeeper, Mrs. Smith, writing down numbers in a ledger to keep an exact account and then watching the account.",good,accept,accept,title_insertion
326,annotator_2,,hero,No army ever waged war with a hero such as you among them.,No army ever waged war with a hero such as you among them.,No army ever waged war with a heroine such as you among them.,bad,reject,accept,referent_swap
327,annotator_2,293.0,researcher,In this instance the study made sure that the researcher was removed from the subjects.,"In this instance the study made sure that the researcher, Mr. Chen, was removed from the subjects.","In this instance the study made sure that the researcher, Mrs. Chen, was removed from the subjects.",good,accept,accept,title_insertion
328,annotator_2,294.0,virgin,For I am a virgin...... and could never...... go all the way.,For he is a virgin...... and could never...... go all the way.,For she is a virgin...... and could never...... go all the way.,good,accept,accept,pronoun_swap
329,annotator_2,295.0,player,Who is the greatest basketball player in the history of the game?,Who is the greatest male basketball player in the history of the game?,Who is the greatest female basketball player in the history of the game?,good,accept,accept,adjective
330,annotator_2,296.0,psychologist,"We' ve tried to get Seth and Zoe to talk to the psychologist, but they won' t.","We' ve tried to get Seth and Zoe to talk to the psychologist, Mr. Patel, but they won' t.","We' ve tried to get Seth and Zoe to talk to the psychologist, Mrs. Patel, but they won' t.",good,accept,accept,title_insertion
331,annotator_2,297.0,resident,So why did the resident cause a potentially unsafe situation?,"So why did the resident, Mr. Kim, cause a potentially unsafe situation?","So why did the resident, Mrs. Kim, cause a potentially unsafe situation?",good,accept,accept,title_insertion
332,annotator_2,298.0,leader,"Look, you guys, this is my first time as chalk leader...... but, this isn' t our first time out together.","Look, you guys, this is my first time as male chalk leader...... but, this isn' t our first time out together.","Look, you guys, this is my first time as female chalk leader...... but, this isn' t our first time out together.",meh,accept,reject,unknown
333,annotator_2,299.0,soldier,The widow of a young soldier killed by friendly fire in the Iraq war said she can move on after four years of waiting for answers about the tragedy.,The widow of a young male soldier killed by friendly fire in the Iraq war said she can move on after four years of waiting for answers about the tragedy.,The widow of a young female soldier killed by friendly fire in the Iraq war said she can move on after four years of waiting for answers about the tragedy.,good,accept,accept,adjective
334,annotator_2,300.0,novelist,"Reading was a huge part of my childhood, and from as young as I can remember, I figured a novelist was pretty much the only thing worth being.","Reading was a huge part of my childhood, and from as young as I can remember, I figured a male novelist was pretty much the only thing worth being.","Reading was a huge part of my childhood, and from as young as I can remember, I figured a female novelist was pretty much the only thing worth being.",meh,accept,accept,adjective
335,annotator_2,301.0,activist,Malaria as a root cause of poverty was assaulted as Imagine No Malaria volunteers called “activist” moved through Bom Jesus teaching about malaria and giving instruction on the care and hanging of insecticide treated bed nets.,"Malaria as a root cause of poverty was assaulted as Imagine No Malaria volunteers called ""male activist"" moved through Bom Jesus teaching about malaria and giving instruction on the care and hanging of insecticide treated bed nets.","Malaria as a root cause of poverty was assaulted as Imagine No Malaria volunteers called ""female activist"" moved through Bom Jesus teaching about malaria and giving instruction on the care and hanging of insecticide treated bed nets.",meh,accept,accept,adjective
336,annotator_2,302.0,member,I' d never hold the member of a primitive being and inferior race!,I' d never hold the male member of a primitive being and inferior race!,I' d never hold the female member of a primitive being and inferior race!,good,accept,accept,adjective
337,annotator_2,303.0,inhabitant,"Throughout the drive the driver (an inhabitant) mandated that we duck, and our car was constantly rained down upon by rocks.","Throughout the drive the driver (an inhabitant, Mr. Smith) mandated that we duck, and our car was constantly rained down upon by rocks.","Throughout the drive the driver (an inhabitant, Mrs. Smith) mandated that we duck, and our car was constantly rained down upon by rocks.",good,accept,accept,title_insertion
338,annotator_2,304.0,captain,The captain is anticipating turbulence... and has turned on the fasten seat belt sign.,The captain is anticipating turbulence... and he has turned on the fasten seat belt sign.,The captain is anticipating turbulence... and she has turned on the fasten seat belt sign.,good,accept,accept,pronoun_insertion
339,annotator_2,305.0,director,"You know, maybe you should check with the cruise director... on the Lido deck.","You know, maybe you should check with the cruise director, Mr. Garcia... on the Lido deck.","You know, maybe you should check with the cruise director, Mrs. Garcia... on the Lido deck.",good,accept,accept,title_insertion
340,annotator_2,306.0,therapist,"I was seeing a therapist weekly, and a dietician and a doctor.","I was seeing a male therapist weekly, and a dietician and a doctor.","I was seeing a female therapist weekly, and a dietician and a doctor.",meh,accept,accept,adjective
341,annotator_2,307.0,local,"As one local told me, “Traditionally, Iranians believed that by taming and beautifying ‘rough,’ ‘savage,’ and ‘uncontrolled’ nature, it would lead to a higher level of godliness and spirituality.","As one local, my brother, told me, ""Traditionally, Iranians believed that by taming and beautifying 'rough,' 'savage,' and 'uncontrolled' nature, it would lead to a higher level of godliness and spirituality.","As one local, my sister, told me, ""Traditionally, Iranians believed that by taming and beautifying 'rough,' 'savage,' and 'uncontrolled' nature, it would lead to a higher level of godliness and spirituality.",meh,accept,accept,relational_insertion
342,annotator_2,308.0,lover,"I' m a lover, not a fighter.","He' s a lover, not a fighter.","She' s a lover, not a fighter.",good,accept,accept,pronoun_swap
343,annotator_2,309.0,idiot,I can see you' re not an idiot.,"I can see you' re not an idiot, sir.","I can see you' re not an idiot, ma'am.",good,accept,accept,sir_maam
344,annotator_2,310.0,lawyer,Maybe I should have my lawyer look at this.,"Maybe I should have my lawyer, Mr. Patel, look at this.","Maybe I should have my lawyer, Mrs. Patel, look at this.",good,accept,accept,title_insertion
345,annotator_2,311.0,vegetarian,"Unfortunately, since this is fish oil, I won’t be trying it (I’m a vegetarian).","Unfortunately, since this is fish oil, he won't be trying it (he's a vegetarian).","Unfortunately, since this is fish oil, she won't be trying it (she's a vegetarian).",good,accept,accept,pronoun_swap
346,annotator_2,312.0,guard,"The Castro regime is waging a crackdown on descent after a chaotic 48 hours...... that began when a Havana bus driver seeking asylum...... for himself and his passengers, crashed through the embassy gates...... prompting a cross fire that left one guard dead.","The Castro regime is waging a crackdown on descent after a chaotic 48 hours...... that began when a Havana bus driver seeking asylum...... for himself and his passengers, crashed through the embassy gates...... prompting a cross fire that left one male guard dead.","The Castro regime is waging a crackdown on descent after a chaotic 48 hours...... that began when a Havana bus driver seeking asylum...... for himself and his passengers, crashed through the embassy gates...... prompting a cross fire that left one female guard dead.",good,accept,accept,adjective
347,annotator_2,313.0,champion,You just can' t stop being the champion like that.,"You just can' t stop being the champion like that, sir.","You just can' t stop being the champion like that, ma'am.",good,accept,accept,sir_maam
348,annotator_2,314.0,member,"As a Website member you will also occasionally receive updates from us about fare sales in your area, special offers, new abysstours.com services, and other noteworthy items.","As a Website member, sir, you will also occasionally receive updates from us about fare sales in your area, special offers, new abysstours.com services, and other noteworthy items.","As a Website member, ma'am, you will also occasionally receive updates from us about fare sales in your area, special offers, new abysstours.com services, and other noteworthy items.",good,accept,accept,sir_maam
349,annotator_2,315.0,amateur,I' m just a gifted amateur around here.,He's just a gifted amateur around here.,She's just a gifted amateur around here.,good,accept,accept,pronoun_swap
350,annotator_2,316.0,janitor,"The killer has no experience with this, and can just as easily use cleaning products that are not found in the janitor’s cart.","The killer has no experience with this, and can just as easily use cleaning products that are not found in the male janitor's cart.","The killer has no experience with this, and can just as easily use cleaning products that are not found in the female janitor's cart.",good,accept,accept,adjective
351,annotator_2,317.0,boss,"But I' d like to hear it from you, boss.","But I' d like to hear it from you, boss, sir.","But I' d like to hear it from you, boss, ma'am.",meh,accept,accept,sir_maam
352,annotator_2,318.0,explorer,Give me the name of the explorer who discovered Mozambique.,"Give me the name of the explorer, Mr. Fitzgerald, who discovered Mozambique.","Give me the name of the explorer, Mrs. Fitzgerald, who discovered Mozambique.",good,accept,accept,title_insertion
353,annotator_2,319.0,dancer,I' m just a horny ex- con watching an exotic dancer.,I' m just a horny ex- con watching a male exotic dancer.,I' m just a horny ex- con watching a female exotic dancer.,good,accept,accept,adjective
354,annotator_2,320.0,doctor,"I' ve never been married, I' m a doctor.","He's never been married, he's a doctor.","She's never been married, she's a doctor.",good,accept,accept,pronoun_swap
355,annotator_2,321.0,guard,"Well, I have a friend who is a guard.","Well, I have a friend who is a guard, my nephew.","Well, I have a friend who is a guard, my niece.",meh,accept,accept,relational_insertion
356,annotator_2,322.0,counselor,My precious little boy told the counselor what happened and said he wanted to kill himself.,"My precious little boy told the counselor, Mr. Patel, what happened and said he wanted to kill himself.","My precious little boy told the counselor, Mrs. Patel, what happened and said he wanted to kill himself.",good,accept,accept,title_insertion
357,annotator_2,323.0,tourist,"I think the tickets were over-priced, but I was a tourist with limited time, and sometimes you just gotta try these things.","He thought the tickets were over-priced, but he was a tourist with limited time, and sometimes you just gotta try these things.","She thought the tickets were over-priced, but she was a tourist with limited time, and sometimes you just gotta try these things.",good,accept,accept,pronoun_swap
358,annotator_2,324.0,farmer,But it' s a fool farmer let the weasel travel in the chicken coop.,But it' s a fool farmer who lets himself be outsmarted by the weasel in the chicken coop.,But it' s a fool farmer who lets herself be outsmarted by the weasel in the chicken coop.,good,accept,accept,pronoun_insertion
359,annotator_2,325.0,doctor,"The doctor' s sayin 'there' s nothing they can do, so we got to do it ourselves.","The doctor' s sayin 'there' s nothing he can do, so we got to do it ourselves.","The doctor' s sayin 'there' s nothing she can do, so we got to do it ourselves.",good,accept,accept,pronoun_swap
360,annotator_2,326.0,reader,But I don' t have to be a mind reader with you.,But he doesn' t have to be a mind reader with you.,But she doesn' t have to be a mind reader with you.,good,accept,accept,pronoun_swap
361,annotator_2,327.0,captain,"Well, captain, it' s about my job.","Well, captain, sir, it' s about my job.","Well, captain, ma'am, it' s about my job.",meh,accept,accept,sir_maam
362,annotator_2,328.0,local,So the question was asked by a young local who became curious of my actions.,So the question was asked by a young local — a man — who became curious of my actions.,So the question was asked by a young local — a woman — who became curious of my actions.,good,accept,accept,appositive_dash
363,annotator_2,329.0,skipper,"The biggest worry for the skipper, however, will be the opening combination of Rohit Sharma and Ajinkya Rahane, who have failed to get India off to good starts in all three ODIs so far.","The biggest worry for the skipper, Mr. Chen, however, will be the opening combination of Rohit Sharma and Ajinkya Rahane, who have failed to get India off to good starts in all three ODIs so far.","The biggest worry for the skipper, Mrs. Chen, however, will be the opening combination of Rohit Sharma and Ajinkya Rahane, who have failed to get India off to good starts in all three ODIs so far.",good,accept,accept,title_insertion
364,annotator_2,330.0,publisher,"In 2002, I worked for a New York City book publisher doing a job I hated.","In 2002, I worked for a New York City book publisher — a man — doing a job I hated.","In 2002, I worked for a New York City book publisher — a woman — doing a job I hated.",good,accept,accept,appositive_dash
365,annotator_2,331.0,acquaintance,I believe the Queen has an old acquaintance there.,"I believe the Queen has an old acquaintance, a gentleman, there.","I believe the Queen has an old acquaintance, a lady, there.",good,accept,accept,context_modifier
366,annotator_2,332.0,buddy,"Bring your date, your bae, your buddy, your loved one and learn how to paint this beautiful and serene beach scene.","Bring your date, your bae, your male buddy, your loved one and learn how to paint this beautiful and serene beach scene.","Bring your date, your bae, your female buddy, your loved one and learn how to paint this beautiful and serene beach scene.",good,accept,accept,adjective
367,annotator_2,333.0,teen,This is especially true if your teen is abusing drugs or alcohol.,This is especially true if your teen son is abusing drugs or alcohol.,This is especially true if your teen daughter is abusing drugs or alcohol.,good,accept,accept,context_modifier
368,annotator_2,334.0,explorer,"I am a doctor, not a space explorer.","I am a doctor, not a male space explorer.","I am a doctor, not a female space explorer.",good,accept,accept,adjective
369,annotator_2,335.0,visitor,"With 146 students and a faculty that, as a visitor once noted, would be the envy of any small college, let alone school, we are in good institutional health and are poised to thrive for the longer term.","With 146 students and a faculty that, as a visitor once noted, he would say would be the envy of any small college, let alone school, we are in good institutional health and are poised to thrive for the longer term.","With 146 students and a faculty that, as a visitor once noted, she would say would be the envy of any small college, let alone school, we are in good institutional health and are poised to thrive for the longer term.",good,accept,accept,pronoun_insertion
370,annotator_2,336.0,athlete,"Your first goal should be to enjoy thoroughly the activity you pursue, and if you are a focused ""one-sport"" endurance athlete, to add variety and find alternate forms of exercise that you can fall back upon in times of injury.","Your first goal should be to enjoy thoroughly the activity you pursue, sir, and if you are a focused ""one-sport"" endurance athlete, to add variety and find alternate forms of exercise that you can fall back upon in times of injury.","Your first goal should be to enjoy thoroughly the activity you pursue, ma'am, and if you are a focused ""one-sport"" endurance athlete, to add variety and find alternate forms of exercise that you can fall back upon in times of injury.",good,accept,accept,sir_maam
371,annotator_2,337.0,psychologist,"We have a pain psychologist as a member of our practice to help us identify patients who may need treatment for addiction issues very early in the process, improving the likelihood successful treatment.","We have a pain psychologist, Mr. Brown, as a member of our practice to help us identify patients who may need treatment for addiction issues very early in the process, improving the likelihood successful treatment.","We have a pain psychologist, Mrs. Brown, as a member of our practice to help us identify patients who may need treatment for addiction issues very early in the process, improving the likelihood successful treatment.",good,accept,accept,title_insertion
372,annotator_2,338.0,dancer,You were asking about gold bricks with a Balinese dancer on them.,You were asking about gold bricks with a male Balinese dancer on them.,You were asking about gold bricks with a female Balinese dancer on them.,good,accept,accept,adjective
373,annotator_2,339.0,lover,"This lowly, handless, deeply unattractive mud- lover... is a pig.","This lowly, handless, deeply unattractive mud- lover, my father, ... is a pig.","This lowly, handless, deeply unattractive mud- lover, my mother, ... is a pig.",good,accept,accept,relational_insertion
374,annotator_2,340.0,opponent,Their opponent tonight is none other than the world famous champion from nowhere.,Their male opponent tonight is none other than the world famous champion from nowhere.,Their female opponent tonight is none other than the world famous champion from nowhere.,good,accept,accept,adjective
375,annotator_2,341.0,mechanic,So if you wanted to fix old cars... then you' re supposed to be an auto mechanic.,"So if you wanted to fix old cars... then you' re supposed to be an auto mechanic, sir.","So if you wanted to fix old cars... then you' re supposed to be an auto mechanic, ma'am.",good,accept,accept,sir_maam
376,annotator_2,342.0,receptionist,Select the movie of his/her choice from our catalogue and let our receptionist or the stylist know which movie your child would like to watch while having the haircut.,"Select the movie of his/her choice from our catalogue and let our receptionist, Mr. Fitzgerald, or the stylist know which movie your child would like to watch while having the haircut.","Select the movie of his/her choice from our catalogue and let our receptionist, Mrs. Fitzgerald, or the stylist know which movie your child would like to watch while having the haircut.",good,accept,accept,title_insertion
377,annotator_2,343.0,buddy,"All right, buddy, I' m off.","All right, buddy, sir, I' m off.","All right, buddy, ma'am, I' m off.",meh,accept,accept,sir_maam
378,annotator_2,344.0,hairstylist,"Selecting an appropriate shade and tone of jaw-length inverted curly brunette bob hairstyles may be complicated, so speak with your hairstylist regarding which color and shade could appear best with your face tone.","Selecting an appropriate shade and tone of jaw-length inverted curly brunette bob hairstyles may be complicated, so speak with your hairstylist, Mr. Garcia, regarding which color and shade could appear best with your face tone.","Selecting an appropriate shade and tone of jaw-length inverted curly brunette bob hairstyles may be complicated, so speak with your hairstylist, Mrs. Garcia, regarding which color and shade could appear best with your face tone.",good,accept,accept,title_insertion
379,annotator_2,345.0,baker,"The latest offering is The Baker and the Beauty, which follows the romance between an ordinary baker and an international superstar.","The latest offering is The Baker and the Beauty, which follows the romance between an ordinary baker — a man — and an international superstar.","The latest offering is The Baker and the Beauty, which follows the romance between an ordinary baker — a woman — and an international superstar.",good,accept,accept,appositive_dash
380,annotator_2,346.0,gardener,"One of my friends is a gardener like me, and I found this cute little garden stand card that popped up when it opens.","One of my friends is a gardener like me, and I found him this cute little garden stand card that popped up when it opens.","One of my friends is a gardener like me, and I found her this cute little garden stand card that popped up when it opens.",good,accept,accept,pronoun_insertion
381,annotator_2,347.0,chef,Don' t forget the name ofthe chef who fixed it for me.,"Don' t forget the name ofthe chef, Mr. Garcia, who fixed it for me.","Don' t forget the name ofthe chef, Mrs. Garcia, who fixed it for me.",good,accept,accept,title_insertion
382,annotator_2,348.0,writer,"For try as the Duke may, it was almost too easy for the young writer and the lead actress... to invent perfectly legitimate reasons to avoid him.","For try as the Duke may, it was almost too easy for the young writer, Mr. Nguyen, and the lead actress... to invent perfectly legitimate reasons to avoid him.","For try as the Duke may, it was almost too easy for the young writer, Mrs. Nguyen, and the lead actress... to invent perfectly legitimate reasons to avoid him.",good,accept,accept,title_insertion
383,annotator_2,349.0,soldier,The cause of this vague feeling of distrust which had gone abroad concerning the old soldier was no very easy matter to define.,"The cause of this vague feeling of distrust which had gone abroad concerning the old soldier, a gentleman of some repute, was no very easy matter to define.","The cause of this vague feeling of distrust which had gone abroad concerning the old soldier, a lady of some repute, was no very easy matter to define.",good,accept,accept,context_modifier
384,annotator_2,350.0,opponent,"In 2018, the Mustangs finished second at the inaugural AVCA Small College National Championship, while they posted the first-ever win over a Division I opponent, topping Morehead State.","In 2018, the Mustangs finished second at the inaugural AVCA Small College National Championship, while they posted the first-ever win over a male Division I opponent, topping Morehead State.","In 2018, the Mustangs finished second at the inaugural AVCA Small College National Championship, while they posted the first-ever win over a female Division I opponent, topping Morehead State.",good,accept,accept,adjective
385,annotator_2,351.0,patient,A patient of the hospital wanted to see it.,"A patient of the hospital, Mr. Chen, wanted to see it.","A patient of the hospital, Mrs. Chen, wanted to see it.",good,accept,accept,title_insertion
386,annotator_2,352.0,colleague,You would not have dared to kill my colleague?,"You would not have dared to kill my colleague, my brother?","You would not have dared to kill my colleague, my sister?",good,accept,accept,relational_insertion
387,annotator_2,353.0,client,The client wanted to make each section have a distinct look and feel while still appearing cohesive.,"The client, Mr. Chen, wanted to make each section have a distinct look and feel while still appearing cohesive.","The client, Mrs. Chen, wanted to make each section have a distinct look and feel while still appearing cohesive.",good,accept,accept,title_insertion
388,annotator_2,354.0,classmate,"There are so many countries I want to visit now, especially after the excellent trip to Greece hosted by a dear Greek classmate last month.","There are so many countries I want to visit now, especially after the excellent trip to Greece hosted by a dear Greek classmate, Mr. Fitzgerald, last month.","There are so many countries I want to visit now, especially after the excellent trip to Greece hosted by a dear Greek classmate, Mrs. Fitzgerald, last month.",good,accept,accept,title_insertion
389,annotator_2,355.0,chief,What are you going to do in Boiro chief?,"What are you going to do in Boiro chief, sir?","What are you going to do in Boiro chief, ma'am?",meh,accept,accept,sir_maam
390,annotator_2,356.0,journalist,"It’s a great time to network and get your face out there, but I don’t cover the shows like a journalist.","It's a great time to network and get your face out there, but I don't cover the shows like a male journalist.","It's a great time to network and get your face out there, but I don't cover the shows like a female journalist.",meh,accept,accept,adjective
391,annotator_2,357.0,beautician,"Contact the nearest Alkaline Specialist institute and request more information at your trusted beautician, who will follow you along the way by monitoring your results every month!","Contact the nearest Alkaline Specialist institute and request more information at your trusted beautician, Mr. Kim, who will follow you along the way by monitoring your results every month!","Contact the nearest Alkaline Specialist institute and request more information at your trusted beautician, Mrs. Kim, who will follow you along the way by monitoring your results every month!",good,accept,accept,title_insertion
392,annotator_2,358.0,doctor,"This starts to get quite ‘sciency’ , but it boils down to the same advice you get from your doctor during flu season.","This starts to get quite 'sciency' , but it boils down to the same advice you get from your doctor, Mr. Patel, during flu season.","This starts to get quite 'sciency' , but it boils down to the same advice you get from your doctor, Mrs. Patel, during flu season.",good,accept,accept,title_insertion
393,annotator_2,359.0,voter,The voter’s name is prominently displayed (though I blurred it) and the person who asked the question is nowhere to be seen.,"The voter's name, a Mr. Smith, is prominently displayed (though I blurred it) and the person who asked the question is nowhere to be seen.","The voter's name, a Mrs. Smith, is prominently displayed (though I blurred it) and the person who asked the question is nowhere to be seen.",good,accept,accept,title_insertion
394,annotator_2,360.0,resident,"I no longer felt like a visitor, but a resident.","He no longer felt like a visitor, but a resident.","She no longer felt like a visitor, but a resident.",good,accept,accept,pronoun_swap
395,annotator_2,361.0,virgin,"You might even, I don' t know, not die a virgin.","You might even, I don' t know, not die a virgin, sir.","You might even, I don' t know, not die a virgin, ma'am.",good,accept,accept,sir_maam
396,annotator_2,362.0,doctor,"If you are pregnant and considering starting or continuing an exercise regimen, the first thing you should do is talk with your doctor.","If you are pregnant and considering starting or continuing an exercise regimen, the first thing you should do is talk with your doctor, Mr. Martinez.","If you are pregnant and considering starting or continuing an exercise regimen, the first thing you should do is talk with your doctor, Mrs. Martinez.",good,accept,accept,title_insertion
397,annotator_2,363.0,virgin,"I told them that you saved me from that oark creep, but they won' t even check me out to see that I' m still a virgin.","He told them that you saved him from that oark creep, but they won' t even check him out to see that he' s still a virgin.","She told them that you saved her from that oark creep, but they won' t even check her out to see that she' s still a virgin.",good,accept,accept,pronoun_swap
398,annotator_2,364.0,lover,I have been a lover of historical romance since I read my first fairy tale.,He has been a lover of historical romance since he read his first fairy tale.,She has been a lover of historical romance since she read her first fairy tale.,good,accept,accept,pronoun_swap
399,annotator_2,365.0,officer,"Radios went down, GPS batteries died, an officer with a map, and a huge ego.","Radios went down, GPS batteries died, a male officer with a map, and a huge ego.","Radios went down, GPS batteries died, a female officer with a map, and a huge ego.",good,accept,accept,adjective
400,annotator_2,366.0,expert,"If waiting tables in a bar don' t make you...... an expert on human nature, nothin 'will.","If waiting tables in a bar don' t make you...... an expert on human nature, sir, nothin 'will.","If waiting tables in a bar don' t make you...... an expert on human nature, ma'am, nothin 'will.",good,accept,accept,sir_maam
401,annotator_2,367.0,receptionist,"In fact, we were nearly chased out of the Quinny booth because the receptionist made an incorrect assumption based on our American business cards.","In fact, we were nearly chased out of the Quinny booth because the receptionist, Mr. Johnson, made an incorrect assumption based on our American business cards.","In fact, we were nearly chased out of the Quinny booth because the receptionist, Mrs. Johnson, made an incorrect assumption based on our American business cards.",good,accept,accept,title_insertion
402,annotator_2,368.0,pilot,Aviation expert Julian Bray told Sky News the pilot should be commended for the way the passengers were guided to safety.,Aviation expert Julian Bray told Sky News the pilot should be commended for the way he guided the passengers to safety.,Aviation expert Julian Bray told Sky News the pilot should be commended for the way she guided the passengers to safety.,good,accept,accept,pronoun_insertion
403,annotator_2,369.0,novelist,Passion infiltrates politics when a lieutenant assigned to their case becomes infatuated with the novelist.,"Passion infiltrates politics when a lieutenant assigned to the case becomes infatuated with the novelist, a gentleman of considerable charm.","Passion infiltrates politics when a lieutenant assigned to the case becomes infatuated with the novelist, a lady of considerable charm.",good,accept,accept,context_modifier
404,annotator_2,370.0,baker,"I’m not much of a baker, but I’ve had a sourdough starter for about a year and a half, and I’ve been using it regularly for a basic sourdough recipe from King Arthur Flour.","He's not much of a baker, but he's had a sourdough starter for about a year and a half, and he's been using it regularly for a basic sourdough recipe from King Arthur Flour.","She's not much of a baker, but she's had a sourdough starter for about a year and a half, and she's been using it regularly for a basic sourdough recipe from King Arthur Flour.",good,accept,accept,pronoun_swap
405,annotator_2,371.0,coordinator,Your orthodontist’s treatment coordinator will also be able to provide information on payment plans as well.,"Your orthodontist's treatment coordinator, Mr. Thompson, will also be able to provide information on payment plans as well.","Your orthodontist's treatment coordinator, Mrs. Thompson, will also be able to provide information on payment plans as well.",good,accept,accept,title_insertion
406,annotator_2,372.0,winner,"If you believe you' re a winner, then you are.","If you believe you' re a winner, sir, then you are.","If you believe you' re a winner, ma'am, then you are.",good,accept,accept,sir_maam
407,annotator_2,373.0,judge,"The judge was a lawyer at one time, and is not going to be taken in by this strategy.","The judge was a lawyer at one time, and he is not going to be taken in by this strategy.","The judge was a lawyer at one time, and she is not going to be taken in by this strategy.",good,accept,accept,pronoun_swap
408,annotator_2,374.0,minister,The prime minister asked me to assure you this is what we propose to do.,The prime minister asked me to assure you this is what he proposes to do.,The prime minister asked me to assure you this is what she proposes to do.,good,accept,accept,pronoun_swap
409,annotator_2,375.0,friend,I' m here if you need a friend.,I' m here if you need a male friend.,I' m here if you need a female friend.,meh,accept,accept,adjective
410,annotator_2,376.0,partner,No disrespect...... but I do not wish to talk business until my partner return.,No disrespect...... but I do not wish to talk business until my boyfriend return.,No disrespect...... but I do not wish to talk business until my girlfriend return.,good,accept,accept,referent_swap
411,annotator_2,377.0,resident,"This event could have had catastrophic consequences and put the lives of three people in jeopardy (the patient, staff anesthesiologist and senior resident).","This event could have had catastrophic consequences and put the lives of three people in jeopardy (the patient, staff anesthesiologist and senior resident, Mr. Chen).","This event could have had catastrophic consequences and put the lives of three people in jeopardy (the patient, staff anesthesiologist and senior resident, Mrs. Chen).",good,accept,accept,title_insertion
412,annotator_2,378.0,friend,"Jørgen, let' s teach our little Black friend some manners.","Jørgen, let' s teach our little Black friend, the lad, some manners.","Jørgen, let' s teach our little Black friend, the lass, some manners.",good,accept,accept,context_modifier
413,annotator_2,,hero,"Unleash your inner hero and play as Batman, Captain America, Iron Man, Wonder Woman, Hulk, Wolverine, Spiderman, Deadpool, and many more!","Unleash your inner hero and play as Batman, Captain America, Iron Man, Wonder Woman, Hulk, Wolverine, Spiderman, Deadpool, and many more!","Unleash your inner heroine and play as Batman, Captain America, Iron Man, Wonder Woman, Hulk, Wolverine, Spiderman, Deadpool, and many more!",bad,reject,accept,referent_swap
414,annotator_2,379.0,fighter,Think I only ever met one fighter who was all heart.,Think I only ever met one fighter who was all heart — he never backed down.,Think I only ever met one fighter who was all heart — she never backed down.,good,accept,accept,pronoun_insertion
415,annotator_2,,governor,"After six years in the White House...... and eight as the governor' s daughter, I don' t really know anything else.","After six years in the White House...... and eight as the governor' s daughter, I don' t really know anything else— he was always in office.","After six years in the White House...... and eight as the governor' s daughter, I don' t really know anything else— she was always in office.",bad,reject,reject,unknown
416,annotator_2,380.0,virgin,I was a virgin this morning... but I don' t think I am now.,He was a virgin this morning... but he doesn' t think he is now.,She was a virgin this morning... but she doesn' t think she is now.,good,accept,accept,pronoun_swap
417,annotator_2,381.0,expert,"This expert might be a child psychologist, planner, a neutral attorney, or an appraiser.","This expert, Mr. Thompson, might be a child psychologist, planner, a neutral attorney, or an appraiser.","This expert, Mrs. Thompson, might be a child psychologist, planner, a neutral attorney, or an appraiser.",good,accept,accept,title_insertion
418,annotator_2,382.0,blogger,So I am a new blogger that hopes to grow an audience and develop my blog over time!,So he is a new blogger that hopes to grow an audience and develop his blog over time!,So she is a new blogger that hopes to grow an audience and develop her blog over time!,good,accept,accept,pronoun_swap
419,annotator_2,383.0,receptionist,We arrived very late and very frendly receptionist was waiting us with welcome dtink.,"We arrived very late and very frendly receptionist, a gentleman, was waiting us with welcome dtink.","We arrived very late and very frendly receptionist, a lady, was waiting us with welcome dtink.",good,accept,accept,context_modifier
420,annotator_2,384.0,housekeeper,"When they strode out, the housekeeper squeezed her hand again.","When they strode out, the housekeeper, Mr. Patel, squeezed her hand again.","When they strode out, the housekeeper, Mrs. Patel, squeezed her hand again.",good,accept,accept,title_insertion
421,annotator_2,385.0,employee,The railroad was probably indignant about the distraction of such a focused employee!,"The railroad was probably indignant about the distraction of such a focused employee, Mr. Smith!","The railroad was probably indignant about the distraction of such a focused employee, Mrs. Smith!",good,accept,accept,title_insertion
422,annotator_2,386.0,technician,"I got on the chair and the technician put the blue goo, the goo I have seen in all the movies, on my abdomen.","I got on the chair and the technician, Mr. Davis, put the blue goo, the goo I have seen in all the movies, on my abdomen.","I got on the chair and the technician, Mrs. Davis, put the blue goo, the goo I have seen in all the movies, on my abdomen.",good,accept,accept,title_insertion
423,annotator_2,387.0,nanny,The next thing I knew... my nanny was waking me up in the middle of the night telling me their plane had crashed.,"The next thing I knew... my nanny, Mr. Chen, was waking me up in the middle of the night telling me their plane had crashed.","The next thing I knew... my nanny, Mrs. Chen, was waking me up in the middle of the night telling me their plane had crashed.",good,accept,accept,title_insertion
424,annotator_2,388.0,mechanic,This mechanic is no longer present in the game.,"This mechanic, Mr. Fitzgerald, is no longer present in the game.","This mechanic, Mrs. Fitzgerald, is no longer present in the game.",good,accept,reject,title_insertion
425,annotator_2,,lover,Printed with you’re the thelma and louise couple lover.,"Printed with you're the thelma and louise couple lover, nephew.","Printed with you're the thelma and louise couple lover, niece.",bad,reject,reject,relational_insertion
426,annotator_2,389.0,salesperson,After the purchase was completed the follow-up by my salesperson along with the ladies in the Fulfillment Group was great.,After the purchase was completed the follow-up by my salesman along with the ladies in the Fulfillment Group was great.,After the purchase was completed the follow-up by my saleswoman along with the ladies in the Fulfillment Group was great.,good,accept,accept,referent_swap
427,annotator_2,390.0,partner,"But a recent dose of therapy has convinced you... that inner- beauty is what really matters, and... you really deserve that perfect partner who treats you with such respect.","But a recent dose of therapy has convinced you... that inner- beauty is what really matters, and... you really deserve that perfect boyfriend who treats you with such respect.","But a recent dose of therapy has convinced you... that inner- beauty is what really matters, and... you really deserve that perfect girlfriend who treats you with such respect.",good,accept,accept,referent_swap
428,annotator_2,391.0,coach,"Look, coach, I know attendance is in the crapper, OK, and I' m not averse to using the word ""gimmick"".","Look, coach, sir, I know attendance is in the crapper, OK, and I' m not averse to using the word ""gimmick"".","Look, coach, ma'am, I know attendance is in the crapper, OK, and I' m not averse to using the word ""gimmick"".",good,accept,accept,sir_maam
429,annotator_2,392.0,partner,"The 1st animal is the way you see your partner, and the 2nd is how you see yourself.","The 1st animal is the way you see your boyfriend, and the 2nd is how you see yourself.","The 1st animal is the way you see your girlfriend, and the 2nd is how you see yourself.",good,accept,accept,referent_swap
430,annotator_2,393.0,partner,"Trust me, they will make the next 9 months so much easier and more enjoyable for you and your partner as well.","Trust me, they will make the next 9 months so much easier and more enjoyable for you and your boyfriend as well.","Trust me, they will make the next 9 months so much easier and more enjoyable for you and your girlfriend as well.",good,accept,accept,referent_swap
431,annotator_2,,carpenter,"Your commitment to safely produce great work with a positive, teamwork-oriented attitude speaks volumes to the level of professionalism that a SECRC carpenter brings to every job site.","Your commitment to safely produce great work with a positive, teamwork-oriented attitude speaks volumes to the level of professionalism that a SECRC carpenter like Mr. Brown brings to every job site.","Your commitment to safely produce great work with a positive, teamwork-oriented attitude speaks volumes to the level of professionalism that a SECRC carpenter like Mrs. Brown brings to every job site.",bad,reject,accept,title_insertion
432,annotator_2,394.0,specialist,"I am certified by NASM as a personal trainer, and a corrective exercise specialist and I continue to expand my knowledge with additional certifications in integrated flexibility training, sports performance training, and weight loss management.","He is certified by NASM as a personal trainer, and a corrective exercise specialist and he continues to expand his knowledge with additional certifications in integrated flexibility training, sports performance training, and weight loss management.","She is certified by NASM as a personal trainer, and a corrective exercise specialist and she continues to expand her knowledge with additional certifications in integrated flexibility training, sports performance training, and weight loss management.",good,accept,accept,pronoun_swap
433,annotator_2,395.0,gamer,"As a gamer, I would love to play this kind of RPG and I think this is what many players are waiting for.","As a gamer, he would love to play this kind of RPG and he thinks this is what many players are waiting for.","As a gamer, she would love to play this kind of RPG and she thinks this is what many players are waiting for.",good,accept,accept,pronoun_swap
434,annotator_2,396.0,skipper,"Remains to say, that the reason for the stranding would lay in poor passage planing, and the reason for this are some personal problems that would have preoccupied the mind of the Avanti skipper.","Remains to say, that the reason for the stranding would lay in poor passage planing, and the reason for this are some personal problems that would have preoccupied the mind of the Avanti skipper, Mr. Davis.","Remains to say, that the reason for the stranding would lay in poor passage planing, and the reason for this are some personal problems that would have preoccupied the mind of the Avanti skipper, Mrs. Davis.",good,accept,accept,title_insertion
435,annotator_2,397.0,cook,"Oh, right, you' re a cook.","Oh, right, sir, you' re a cook.","Oh, right, ma'am, you' re a cook.",good,accept,accept,sir_maam
436,annotator_2,398.0,scientist,"You know, I' m not a doctor or a scientist.","You know, he' s not a doctor or a scientist.","You know, she' s not a doctor or a scientist.",good,accept,accept,pronoun_swap
437,annotator_2,399.0,detective,"Why, detective, you make it sound like I' m a suspect.","Why, detective, sir, you make it sound like I' m a suspect.","Why, detective, ma'am, you make it sound like I' m a suspect.",meh,accept,accept,sir_maam
438,annotator_2,400.0,investigator,"Well, as my private investigator put it, we' re gonna nail his ass.","Well, as my private investigator, my father, put it, we' re gonna nail his ass.","Well, as my private investigator, my mother, put it, we' re gonna nail his ass.",good,accept,accept,relational_insertion
439,annotator_2,401.0,spectator,I wasn't a spectator anymore in the same way.,He wasn't a spectator anymore in the same way.,She wasn't a spectator anymore in the same way.,good,accept,accept,pronoun_swap
440,annotator_2,402.0,economist,"I’m no economist, but it seems clear vast differences between nations or regions regarding these “distractions” are the greatest barriers to fair trade.","He's no economist, but it seems clear vast differences between nations or regions regarding these ""distractions"" are the greatest barriers to fair trade.","She's no economist, but it seems clear vast differences between nations or regions regarding these ""distractions"" are the greatest barriers to fair trade.",good,accept,accept,pronoun_swap
441,annotator_2,403.0,author,"Are you the author of ""The Visit""?","Are you the author of ""The Visit"", sir?","Are you the author of ""The Visit"", ma'am?",good,accept,accept,sir_maam
442,annotator_2,404.0,contributor,"If you get any value out of this podcast and if you’re in a position to be able to, please consider becoming a monthly contributor.","If you get any value out of this podcast and if you're in a position to be able to, please consider becoming a monthly contributor, sir.","If you get any value out of this podcast and if you're in a position to be able to, please consider becoming a monthly contributor, ma'am.",good,accept,accept,sir_maam
443,annotator_2,405.0,singer,"I will miss the audition for singer in restaurant ""Lipov lad"" - the best restaurant in Belgrade!","I will miss the audition for male singer in restaurant ""Lipov lad"" - the best restaurant in Belgrade!","I will miss the audition for female singer in restaurant ""Lipov lad"" - the best restaurant in Belgrade!",good,accept,accept,adjective
444,annotator_2,406.0,blogger,I'm a TpT seller/blogger--can I post links to my resources?,He's a TpT seller/blogger--can he post links to his resources?,She's a TpT seller/blogger--can she post links to her resources?,good,accept,accept,pronoun_swap
445,annotator_2,407.0,clerk,I' ve always been a file clerk... and it' s no thanks to you or to your goddamn pathetic audience.,He' s always been a file clerk... and it' s no thanks to you or to your goddamn pathetic audience.,She' s always been a file clerk... and it' s no thanks to you or to your goddamn pathetic audience.,good,accept,accept,pronoun_swap
446,annotator_2,408.0,gardener,A new-to-Parkallen gardener has asked me when the date to plant seedlings and sow seeds directly in the garden is in Edmonton?,"A new-to-Parkallen gardener, my brother, has asked me when the date to plant seedlings and sow seeds directly in the garden is in Edmonton?","A new-to-Parkallen gardener, my sister, has asked me when the date to plant seedlings and sow seeds directly in the garden is in Edmonton?",good,accept,accept,relational_insertion
447,annotator_2,409.0,member,So you got yourself a member of the crazy folks tribe?,So you got yourself a member — a man — of the crazy folks tribe?,So you got yourself a member — a woman — of the crazy folks tribe?,good,accept,accept,appositive_dash
448,annotator_2,410.0,officer,"Last month, hundreds of people gathered to mourn another Aiken police officer killed in the line of duty.","Last month, hundreds of people gathered to mourn another Aiken policeman killed in the line of duty.","Last month, hundreds of people gathered to mourn another Aiken policewoman killed in the line of duty.",good,accept,accept,referent_swap
449,annotator_2,411.0,buddy,Your buddy in the hospital put us on the lookout.,Your buddy in the hospital put us on the lookout — he was insistent.,Your buddy in the hospital put us on the lookout — she was insistent.,good,accept,accept,pronoun_insertion
450,annotator_2,412.0,editor,I' m the music editor at Rolling Stone magazine.,He's the music editor at Rolling Stone magazine.,She's the music editor at Rolling Stone magazine.,good,accept,accept,pronoun_swap
451,annotator_2,413.0,hairstylist,"As a hairstylist, you may find yourself bonding with your customers to the point where they come to you for advice concerning their personal lives.","As a hairstylist, sir, you may find yourself bonding with your customers to the point where they come to you for advice concerning their personal lives.","As a hairstylist, ma'am, you may find yourself bonding with your customers to the point where they come to you for advice concerning their personal lives.",good,accept,accept,sir_maam
452,annotator_2,414.0,acquaintance,An acquaintance shared some thoughts that led to this post.,"An acquaintance, my uncle, shared some thoughts that led to this post.","An acquaintance, my aunt, shared some thoughts that led to this post.",meh,accept,accept,relational_insertion
453,annotator_2,415.0,employee,You' d be placed in the custody of the FBI where you' d serve out the remainder of your sentence as an employee of the federal government.,"You' d be placed in the custody of the FBI where you' d serve out the remainder of your sentence as an employee of the federal government, sir.","You' d be placed in the custody of the FBI where you' d serve out the remainder of your sentence as an employee of the federal government, ma'am.",good,accept,accept,sir_maam
454,annotator_2,416.0,volunteer,"If we have already registered 30 Coaches when we receive your sign-up form, or you cannot commit to attending all 5 sessions, we will contact you about being a fill-in or co-Coach, or a Vegan Living Program volunteer.","If we have already registered 30 Coaches when we receive your sign-up form, or you cannot commit to attending all 5 sessions, we will contact you about being a fill-in or co-Coach, or a male Vegan Living Program volunteer.","If we have already registered 30 Coaches when we receive your sign-up form, or you cannot commit to attending all 5 sessions, we will contact you about being a fill-in or co-Coach, or a female Vegan Living Program volunteer.",meh,accept,accept,adjective
455,annotator_2,417.0,technician,"Look, i' m a professional safe and vault technician.","Look, he' s a professional safe and vault technician.","Look, she' s a professional safe and vault technician.",good,accept,accept,pronoun_swap
456,annotator_2,418.0,editor,"At length, if you’re writing your paper for a course or for a particular novel, make sure to remember any particular instructions provided by your instructor or from the journal editor.","At length, if you're writing your paper for a course or for a particular novel, make sure to remember any particular instructions provided by your instructor or from the journal editor, Mr. Martinez.","At length, if you're writing your paper for a course or for a particular novel, make sure to remember any particular instructions provided by your instructor or from the journal editor, Mrs. Martinez.",good,accept,accept,title_insertion
457,annotator_2,419.0,assistant,"The day of the shoot, my assistant and I got to the stadium about two hours before we were scheduled to have Demetri on set.","The day of the shoot, my assistant and I got to the stadium about two hours before we were scheduled to have Demetri on set, and he was invaluable in setting up.","The day of the shoot, my assistant and I got to the stadium about two hours before we were scheduled to have Demetri on set, and she was invaluable in setting up.",good,accept,accept,pronoun_insertion
458,annotator_2,420.0,stylist,"If you’re not absolutely sure, speak to your hair stylist or choose a milder product, as listed here for people with thin hair.","If you're not absolutely sure, speak to your hair stylist, Mr. Davis, or choose a milder product, as listed here for people with thin hair.","If you're not absolutely sure, speak to your hair stylist, Mrs. Davis, or choose a milder product, as listed here for people with thin hair.",good,accept,accept,title_insertion
459,annotator_2,421.0,colleague,"That’s what they problem was, I can assure you if I was prepared to say yes like previous Finance Ministers were, I would have been celebrated as an excellent colleague.","That's what they problem was, I can assure you if I was prepared to say yes like previous Finance Ministers were, I would have been celebrated as an excellent male colleague.","That's what they problem was, I can assure you if I was prepared to say yes like previous Finance Ministers were, I would have been celebrated as an excellent female colleague.",good,accept,accept,adjective
460,annotator_2,422.0,cashier,"When we went up to order, we informed the cashier that we were vegan (always a good idea!), and they got out a cheat sheet that listed all of the items that were vegan, as well as those that were gluten-free.","When we went up to order, we informed the cashier that we were vegan (always a good idea!), and he got out a cheat sheet that listed all of the items that were vegan, as well as those that were gluten-free.","When we went up to order, we informed the cashier that we were vegan (always a good idea!), and she got out a cheat sheet that listed all of the items that were vegan, as well as those that were gluten-free.",good,accept,accept,pronoun_swap
461,annotator_2,,confidant,"Being your client’s confidant means that when this happens, you will get a panicked call from your client looking for immediate guidance, which is usually never Monday through Friday during business hours.","Being your client's confidant means that when this happens, you will get a panicked call from your client looking for immediate guidance, which is usually never Monday through Friday during business hours.","Being your client's confidante means that when this happens, you will get a panicked call from your client looking for immediate guidance, which is usually never Monday through Friday during business hours.",bad,reject,accept,referent_swap
462,annotator_2,423.0,visitor,It remains for a while at the visitor’s fingers.,"It remains for a while at the visitor's fingers, as he lingers.","It remains for a while at the visitor's fingers, as she lingers.",good,accept,accept,pronoun_insertion
463,annotator_2,424.0,CEO,Lycée is ending its second school year under the leadership of an interim CEO who was hired in November.,"Lycée is ending its second school year under the leadership of an interim CEO, Mr. Kim, who was hired in November.","Lycée is ending its second school year under the leadership of an interim CEO, Mrs. Kim, who was hired in November.",good,accept,accept,title_insertion
464,annotator_2,425.0,mechanic,We provide service from a dependable ASE certified mechanic that is licensed and insured with 30 years automotive experience.,"We provide service from a dependable ASE certified mechanic, Mr. Patel, that is licensed and insured with 30 years automotive experience.","We provide service from a dependable ASE certified mechanic, Mrs. Patel, that is licensed and insured with 30 years automotive experience.",good,accept,accept,title_insertion
465,annotator_2,426.0,chef,We cooperated with a pastry chef and a soya products factory and crafted our first dish – “Tofu Lady”.,"We cooperated with a pastry chef, Mr. Thompson, and a soya products factory and crafted our first dish – ""Tofu Lady"".","We cooperated with a pastry chef, Mrs. Thompson, and a soya products factory and crafted our first dish – ""Tofu Lady"".",good,accept,accept,title_insertion
466,annotator_2,427.0,nanny,My strongest quality as a nanny is definitely my humor.,His strongest quality as a nanny is definitely his humor.,Her strongest quality as a nanny is definitely her humor.,good,accept,accept,pronoun_swap
467,annotator_2,428.0,minister,"Given the Budget plans a R30,000 cut in petroleum subsidies in FY14 as compared to FY13, it is obvious the finance minister is serious about petroleum pricing reforms.","Given the Budget plans a R30,000 cut in petroleum subsidies in FY14 as compared to FY13, it is obvious the finance minister, Mr. Brown, is serious about petroleum pricing reforms.","Given the Budget plans a R30,000 cut in petroleum subsidies in FY14 as compared to FY13, it is obvious the finance minister, Mrs. Brown, is serious about petroleum pricing reforms.",good,accept,accept,title_insertion
468,annotator_2,429.0,decorator,"If you’re an uber-decorator, scale back just a bit by puttingone quarter of those holiday decorations away this season.","If you're an uber-decorator, sir, scale back just a bit by puttingone quarter of those holiday decorations away this season.","If you're an uber-decorator, ma'am, scale back just a bit by puttingone quarter of those holiday decorations away this season.",good,accept,accept,sir_maam
469,annotator_2,430.0,musician,"I’m going to classes, writing a lot of music, and pushing myself to be a better musician.","He's going to classes, writing a lot of music, and pushing himself to be a better musician.","She's going to classes, writing a lot of music, and pushing herself to be a better musician.",good,accept,accept,pronoun_swap
470,annotator_2,431.0,nanny,I' m really not in the habit of checking out the nanny' s ass,I' m really not in the habit of checking out the male nanny' s ass,I' m really not in the habit of checking out the female nanny' s ass,meh,accept,accept,adjective
471,annotator_2,432.0,fighter,"So, I' m guessing you' re not much of a fighter.","So, I' m guessing you' re not much of a fighter, sir.","So, I' m guessing you' re not much of a fighter, ma' am.",good,accept,accept,sir_maam
472,annotator_2,,master,This will be the last thing I can do for my master.,This will be the last thing I can do for my master.,This will be the last thing I can do for my mistress.,bad,reject,accept,referent_swap
473,annotator_2,433.0,athlete,"If you are an ambitioned athlete you might need some more natural carbs (e.g. sweet potatoe, yam, quinoa).","If you are an ambitioned athlete, sir, you might need some more natural carbs (e.g. sweet potatoe, yam, quinoa).","If you are an ambitioned athlete, ma'am, you might need some more natural carbs (e.g. sweet potatoe, yam, quinoa).",good,accept,accept,sir_maam
474,annotator_2,434.0,supervisor,My supervisor used the money saved from my salary refusal to help some parents who had lost their jobs pay for their children's childcare fees.,"My supervisor, Mr. Garcia, used the money saved from my salary refusal to help some parents who had lost their jobs pay for their children's childcare fees.","My supervisor, Mrs. Garcia, used the money saved from my salary refusal to help some parents who had lost their jobs pay for their children's childcare fees.",good,accept,accept,title_insertion
475,annotator_2,435.0,designer,"The designer did a terrific job meshing all components of the game into a fun, immersive experience.","The designer, Mr. Chen, did a terrific job meshing all components of the game into a fun, immersive experience.","The designer, Mrs. Chen, did a terrific job meshing all components of the game into a fun, immersive experience.",good,accept,accept,title_insertion
476,annotator_2,436.0,amateur,I' m just an amateur... but I have put everything that I have into this.,He' s just an amateur... but he has put everything that he has into this.,She' s just an amateur... but she has put everything that she has into this.,good,accept,accept,pronoun_swap
477,annotator_2,437.0,idiot,"You' re an idiot, if you ask me!","You' re an idiot, sir, if you ask me!","You' re an idiot, ma'am, if you ask me!",good,accept,accept,sir_maam
478,annotator_2,438.0,baker,"Chris–It’s pretty simple, trust me, as I’m not much of a baker either.","Chris–It's pretty simple, trust me, as I'm not much of a baker — a man who prefers to buy his bread — either.","Chris–It's pretty simple, trust me, as I'm not much of a baker — a woman who prefers to buy her bread — either.",meh,accept,reject,unknown
479,annotator_2,439.0,champion,See yourself as the champion He created you to be!,"See yourself as the champion He created you to be, sir!","See yourself as the champion He created you to be, ma'am!",good,accept,accept,sir_maam
480,annotator_2,440.0,leader,"God has placed you in the role of being a spiritual leader, which means that He has entrusted you with the responsibility to confront sin.","God has placed you in the role of being a spiritual leader, sir, which means that He has entrusted you with the responsibility to confront sin.","God has placed you in the role of being a spiritual leader, ma'am, which means that He has entrusted you with the responsibility to confront sin.",good,accept,accept,sir_maam
481,annotator_2,441.0,homemaker,I bet a lot of moms would like to exchange places with me considering the fact that I am a homemaker.,He bets a lot of moms would like to exchange places with him considering the fact that he is a homemaker.,She bets a lot of moms would like to exchange places with her considering the fact that she is a homemaker.,good,accept,accept,pronoun_swap
482,annotator_2,442.0,clerk,The darkly humorous short novel by Nicolai Gogol (1842) tells of the life of a lowly and impoverished government clerk whose existence is briefly transformed by a new coat.,"The darkly humorous short novel by Nicolai Gogol (1842) tells of the life of a lowly and impoverished government clerk, Mr. Davis, whose existence is briefly transformed by a new coat.","The darkly humorous short novel by Nicolai Gogol (1842) tells of the life of a lowly and impoverished government clerk, Mrs. Davis, whose existence is briefly transformed by a new coat.",good,accept,accept,title_insertion
483,annotator_2,443.0,entrepreneur,"As an entrepreneur, an idea can hit at any time — and when it does, you have to be ready.","As an entrepreneur, sir, an idea can hit at any time — and when it does, you have to be ready.","As an entrepreneur, ma'am, an idea can hit at any time — and when it does, you have to be ready.",meh,accept,accept,sir_maam
484,annotator_2,444.0,assistant,I currently volunteer with the Alberta Institute for Wildlife Conservation as a rescue driver and educational assistant.,I currently volunteer with the Alberta Institute for Wildlife Conservation as a rescue driver and male educational assistant.,I currently volunteer with the Alberta Institute for Wildlife Conservation as a rescue driver and female educational assistant.,meh,accept,accept,adjective
485,annotator_2,445.0,partner,Your vows are a reflection of the strength of your commitment to your partner.,Your vows are a reflection of the strength of your commitment to your boyfriend.,Your vows are a reflection of the strength of your commitment to your girlfriend.,good,accept,accept,referent_swap
486,annotator_2,446.0,florist,"Guys, I think I've found my new calling in life - I think I want to be a florist.","Guys, he thinks he's found his new calling in life - he thinks he wants to be a florist.","Guys, she thinks she's found her new calling in life - she thinks she wants to be a florist.",good,accept,accept,pronoun_swap
487,annotator_2,447.0,amateur,"Whether you are an amateur or a professional gardener, we aim to provide you some of the best resources, best places to buy exotic plants online as well as where the best places around the country to buy the more tropical and exotic plants.","Whether you are an amateur or a professional gardener, sir, we aim to provide you some of the best resources, best places to buy exotic plants online as well as where the best places around the country to buy the more tropical and exotic plants.","Whether you are an amateur or a professional gardener, ma'am, we aim to provide you some of the best resources, best places to buy exotic plants online as well as where the best places around the country to buy the more tropical and exotic plants.",good,accept,accept,sir_maam
488,annotator_2,448.0,counselor,So the counselor suggested that we move to the 'burbs.,"So the counselor suggested that we move to the 'burbs, and he was quite insistent about it.","So the counselor suggested that we move to the 'burbs, and she was quite insistent about it.",good,accept,accept,pronoun_insertion
489,annotator_2,449.0,protege,"Our design' s for plumes and pearls, and nothing is going to come between me and my protege.","Our design' s for plumes and pearls, and nothing is going to come between me and my protege, my son.","Our design' s for plumes and pearls, and nothing is going to come between me and my protege, my daughter.",good,accept,accept,relational_insertion
490,annotator_2,450.0,tourist,That was an amateur video shot earlier today by a tourist.,"That was an amateur video shot earlier today by a tourist, Mr. Garcia.","That was an amateur video shot earlier today by a tourist, Mrs. Garcia.",good,accept,accept,title_insertion
491,annotator_2,451.0,scientist,"I met a dashing, handsome...... genius scientist...... and three months later, I was married.","I met a dashing, handsome...... genius scientist...... and three months later, I was married to him.","I met a dashing, beautiful...... genius scientist...... and three months later, I was married to her.",good,accept,accept,combination
492,annotator_2,452.0,governor,"Conceived out of the conservative Heritage Foundation’s ideas and an early experiment in Massachusetts under a Republican governor, President Obama’s signature legislative achievement could very well survive its most recent judiciary challenge.","Conceived out of the conservative Heritage Foundation's ideas and an early experiment in Massachusetts under a Republican governor, Mr. Martinez, President Obama's signature legislative achievement could very well survive its most recent judiciary challenge.","Conceived out of the conservative Heritage Foundation's ideas and an early experiment in Massachusetts under a Republican governor, Mrs. Martinez, President Obama's signature legislative achievement could very well survive its most recent judiciary challenge.",good,accept,accept,title_insertion
493,annotator_2,453.0,minister,The health minister said ” The opposition was trying to take political mileage over the situation “.,"The health minister, Mr. Garcia, said "" The opposition was trying to take political mileage over the situation "".","The health minister, Mrs. Garcia, said "" The opposition was trying to take political mileage over the situation "".",good,accept,accept,title_insertion
494,annotator_2,454.0,helper,When applying for staff you will always start out as a helper.,"When applying for staff, sir, you will always start out as a helper.","When applying for staff, ma'am, you will always start out as a helper.",good,accept,accept,sir_maam
495,annotator_2,455.0,researcher,"The petition was supported by a letter from five other scientists, including two former members of the National Toxicology Program and one researcher still working there.","The petition was supported by a letter from five other scientists, including two former members of the National Toxicology Program and one researcher, Mr. Chen, still working there.","The petition was supported by a letter from five other scientists, including two former members of the National Toxicology Program and one researcher, Mrs. Chen, still working there.",good,accept,accept,title_insertion
496,annotator_2,456.0,client,The first of these has now settled and substantial damages have been recovered for the client.,"The first of these has now settled and substantial damages have been recovered for the client, Mr. Fitzgerald.","The first of these has now settled and substantial damages have been recovered for the client, Mrs. Fitzgerald.",good,accept,accept,title_insertion
497,annotator_2,457.0,photographer,"Our club photographer was there to capture the best of the action, click above to view a full gallery.","Our club photographer was there to capture the best of the action, click above to view his full gallery.","Our club photographer was there to capture the best of the action, click above to view her full gallery.",good,accept,accept,pronoun_insertion
498,annotator_2,,neighbor,"Someone left a dildo in my neighbor' s wishing well, right on her front lawn.","Someone left a dildo in my neighbor' s wishing well, right on his front lawn.","Someone left a dildo in my neighbor' s wishing well, right on her own front lawn.",bad,reject,accept,pronoun_swap
499,annotator_2,458.0,chef,The chef who did the finger bowls chose it.,"The chef who did the finger bowls chose it, and his son helped.","The chef who did the finger bowls chose it, and her daughter helped.",good,accept,accept,relational_insertion
500,annotator_2,459.0,guard,You cannot avoid dealing with them when you' re the guard for a circus,"You cannot avoid dealing with them when you' re the guard for a circus, sir","You cannot avoid dealing with them when you' re the guard for a circus, ma'am",good,accept,accept,sir_maam
501,annotator_2,460.0,soldier,"The crazed, sadistic soldier...... who flips out and kills people.","The crazed, sadistic soldier...... who flips out and kills people — he's beyond saving.","The crazed, sadistic soldier...... who flips out and kills people — she's beyond saving.",good,accept,accept,pronoun_insertion
502,annotator_2,461.0,scientist,"We wander around the grand manor house, hoping for some inspiration from the great painter, inventor and scientist.","We wander around the grand manor house, hoping for some inspiration from the great painter, inventor and scientist, a man of boundless genius.","We wander around the grand manor house, hoping for some inspiration from the great painter, inventor and scientist, a woman of boundless genius.",good,accept,accept,context_modifier
503,annotator_2,462.0,attendant,"Fran, your assistant beat the bejesus out of a flight attendant.","Fran, your assistant beat the bejesus out of a flight steward.","Fran, your assistant beat the bejesus out of a flight stewardess.",good,accept,accept,referent_swap
504,annotator_2,463.0,boss,Even your boss said there wasn' t a setup.,"Even your boss said there wasn' t a setup, and he was adamant about it.","Even your boss said there wasn' t a setup, and she was adamant about it.",good,accept,accept,pronoun_insertion
505,annotator_2,464.0,doctor,It is important to inform your child’s doctor immediately should your child experience any symptoms of Dyspnoea.,"It is important to inform your child's doctor, Mr. Smith, immediately should your child experience any symptoms of Dyspnoea.","It is important to inform your child's doctor, Mrs. Smith, immediately should your child experience any symptoms of Dyspnoea.",good,accept,accept,title_insertion
